adjective,noun,tone,key,instrument,maj_min
abandoned,people,dark,C,guitar,major
abdominal,history,funky,C#,mandolin,minor
abhorrent,way,warm,Db,erebus,major
abiding,art,lo-fi,D,organelle,
abject,world,energetic,Eb,vocals,
able,information,tense,E,piano,
able-bodied,map,spacey,F,strings,
abnormal,two,bubbly,F#,brass,
abounding,family,gritty,Gb,winds,
abrasive,government,soft,G,organ,
abrupt,health,simple,G#,percussion,
absent,system,jazzy,Ab,bass,
absentminded,computer,syncopated,A,digital synth,
absolute,meat,4 on the floor,A#,samples,
absorbed,year,consonant,Bb,,
absorbing,thanks,dissonant,B,,
abstracted,music,lush,C,,
absurd,person,improvised,D,,
abundant,reading,uplifting,E,,
abusive,method,dynamic,F,,
abysmal,data,experimental,G,,
academic,food,mellow,A,,
acceptable,understanding,,B,,
accepting,theory,,C,,
accessible,law,,D,,
accidental,bird,,E,,
acclaimed,literature,,F,,
accommodating,problem,,G,,
accompanying,software,,A,,
accountable,control,,B,,
accurate,knowledge,,,,
accusative,power,,,,
accused,ability,,,,
accusing,economics,,,,
acerbic,love,,,,
achievable,internet,,,,
aching,television,,,,
acid,science,,,,
acidic,library,,,,
acknowledged,nature,,,,
acoustic,fact,,,,
acrid,product,,,,
acrimonious,idea,,,,
acrobatic,temperature,,,,
actionable,investment,,,,
active,area,,,,
actual,society,,,,
ad hoc,activity,,,,
adamant,story,,,,
adaptable,industry,,,,
adaptive,media,,,,
addicted,thing,,,,
addictive,oven,,,,
additional,community,,,,
adept,definition,,,,
adequate,safety,,,,
adhesive,quality,,,,
adjacent,development,,,,
adjoining,language,,,,
adjustable,management,,,,
administrative,player,,,,
admirable,variety,,,,
admired,video,,,,
admiring,week,,,,
adopted,security,,,,
adoptive,country,,,,
adorable,exam,,,,
adored,movie,,,,
adoring,organization,,,,
adrenalized,equipment,,,,
adroit,physics,,,,
adult,analysis,,,,
advanced,policy,,,,
advantageous,series,,,,
adventurous,thought,,,,
adversarial,basis,,,,
advisable,boyfriend,,,,
aerial,direction,,,,
affable,strategy,,,,
affected,technology,,,,
affectionate,army,,,,
affirmative,camera,,,,
affordable,freedom,,,,
afraid,paper,,,,
afternoon,environment,,,,
ageless,child,,,,
aggravated,instance,,,,
aggravating,month,,,,
aggressive,truth,,,,
agitated,marketing,,,,
agonizing,university,,,,
agrarian,writing,,,,
agreeable,article,,,,
aimless,department,,,,
airline,difference,,,,
airsick,goal,,,,
ajar,news,,,,
alarmed,audience,,,,
alarming,fishing,,,,
alert,growth,,,,
algebraic,income,,,,
alien,marriage,,,,
alienated,user,,,,
alike,combination,,,,
alive,failure,,,,
all,meaning,,,,
all-around,medicine,,,,
alleged,philosophy,,,,
allowable,teacher,,,,
all-purpose,communication,,,,
all-too-common,night,,,,
alluring,chemistry,,,,
allusive,disease,,,,
alone,disk,,,,
aloof,energy,,,,
alterable,nation,,,,
alternating,road,,,,
alternative,role,,,,
amazed,soup,,,,
amazing,advertising,,,,
ambiguous,location,,,,
ambitious,success,,,,
ambulant,addition,,,,
ambulatory,apartment,,,,
amiable,education,,,,
amicable,math,,,,
amphibian,moment,,,,
amused,painting,,,,
amusing,politics,,,,
ancient,attention,,,,
anecdotal,decision,,,,
anemic,event,,,,
angelic,property,,,,
angered,shopping,,,,
angry,student,,,,
angular,wood,,,,
animal,competition,,,,
animated,distribution,,,,
annoyed,entertainment,,,,
annoying,office,,,,
annual,population,,,,
anonymous,president,,,,
another,unit,,,,
antagonistic,category,,,,
anticipated,cigarette,,,,
anticlimactic,context,,,,
anticorrosive,introduction,,,,
antiquated,opportunity,,,,
antiseptic,performance,,,,
antisocial,driver,,,,
antsy,flight,,,,
anxious,length,,,,
any,magazine,,,,
apathetic,newspaper,,,,
apologetic,relationship,,,,
apologizing,teaching,,,,
appalling,cell,,,,
appealing,dealer,,,,
appetizing,finding,,,,
applauding,lake,,,,
applicable,member,,,,
applicative,message,,,,
appreciative,phone,,,,
apprehensive,scene,,,,
approachable,appearance,,,,
approaching,association,,,,
appropriate,concept,,,,
approving,customer,,,,
approximate,death,,,,
aquatic,discussion,,,,
architectural,housing,,,,
ardent,inflation,,,,
arduous,insurance,,,,
arguable,mood,,,,
argumentative,woman,,,,
arid,advice,,,,
aristocratic,blood,,,,
aromatic,effort,,,,
arresting,expression,,,,
arrogant,importance,,,,
artful,opinion,,,,
artificial,payment,,,,
artistic,reality,,,,
artless,responsibility,,,,
ashamed,situation,,,,
aspiring,skill,,,,
assertive,statement,,,,
assignable,wealth,,,,
assorted,application,,,,
assumable,city,,,,
assured,county,,,,
assuring,depth,,,,
astonished,estate,,,,
astonishing,foundation,,,,
astounded,grandmother,,,,
astounding,heart,,,,
astringent,perspective,,,,
astronomical,photo,,,,
astute,recipe,,,,
asymmetrical,studio,,,,
athletic,topic,,,,
atomic,collection,,,,
atrocious,depression,,,,
attachable,imagination,,,,
attainable,passion,,,,
attentive,percentage,,,,
attractive,resource,,,,
attributable,setting,,,,
atypical,ad,,,,
audacious,agency,,,,
auspicious,college,,,,
authentic,connection,,,,
authoritarian,criticism,,,,
authoritative,debt,,,,
autobiographic,description,,,,
autographed,memory,,,,
automatic,patience,,,,
autonomous,secretary,,,,
available,solution,,,,
avant-garde,administration,,,,
avenging,aspect,,,,
average,attitude,,,,
avian,director,,,,
avid,personality,,,,
avoidable,psychology,,,,
awake,recommendation,,,,
awakening,response,,,,
aware,selection,,,,
away,storage,,,,
awesome,version,,,,
awful,alcohol,,,,
awkward,argument,,,,
axiomatic,complaint,,,,
babbling,contract,,,,
baby,emphasis,,,,
background,highway,,,,
backhanded,loss,,,,
bacterial,membership,,,,
bad,possession,,,,
bad-tempered,preparation,,,,
baffled,steak,,,,
baffling,union,,,,
bald,agreement,,,,
balding,cancer,,,,
balmy,currency,,,,
bandaged,employment,,,,
banging,engineering,,,,
bankable,entry,,,,
banned,interaction,,,,
bantering,mixture,,,,
barbaric,preference,,,,
barbarous,region,,,,
barbequed,republic,,,,
barefooted,tradition,,,,
barking,virus,,,,
barren,actor,,,,
bashful,classroom,,,,
basic,delivery,,,,
battered,device,,,,
batty,difficulty,,,,
bawling,drama,,,,
beady,election,,,,
beaming,engine,,,,
bearable,football,,,,
beautiful,guidance,,,,
beckoning,hotel,,,,
bedazzled,owner,,,,
bedazzling,priority,,,,
beefy,protection,,,,
beeping,suggestion,,,,
befitting,tension,,,,
befuddled,variation,,,,
beginning,anxiety,,,,
belching,atmosphere,,,,
believable,awareness,,,,
bellicose,bath,,,,
belligerent,bread,,,,
bellowing,candidate,,,,
bendable,climate,,,,
beneficial,comparison,,,,
benevolent,confusion,,,,
benign,construction,,,,
bent,elevator,,,,
berserk,emotion,,,,
best,employee,,,,
betrayed,employer,,,,
better,guest,,,,
better off,height,,,,
better-late-than-never,leadership,,,,
bewildered,mall,,,,
bewildering,manager,,,,
bewitched,operation,,,,
bewitching,recording,,,,
biased,sample,,,,
biblical,transportation,,,,
big,charity,,,,
big-city,cousin,,,,
bigger,disaster,,,,
biggest,editor,,,,
big-headed,efficiency,,,,
bighearted,excitement,,,,
bigoted,extent,,,,
bilingual,feedback,,,,
billable,guitar,,,,
billowy,homework,,,,
binary,leader,,,,
binding,mom,,,,
bioactive,outcome,,,,
biodegradable,permission,,,,
biographical,presentation,,,,
bite-sized,promotion,,,,
biting,reflection,,,,
bitter,refrigerator,,,,
bizarre,resolution,,,,
black,revenue,,,,
black-and-blue,session,,,,
blamable,singer,,,,
blameless,tennis,,,,
bland,basket,,,,
blank,bonus,,,,
blaring,cabinet,,,,
blasphemous,childhood,,,,
blatant,church,,,,
blazing,clothes,,,,
bleached,coffee,,,,
bleak,dinner,,,,
bleary,drawing,,,,
bleary-eyed,hair,,,,
blessed,hearing,,,,
blind,initiative,,,,
blindfolded,judgment,,,,
blinding,lab,,,,
blissful,measurement,,,,
blistering,mode,,,,
bloated,mud,,,,
blonde,orange,,,,
bloodied,poetry,,,,
blood-red,police,,,,
bloodthirsty,possibility,,,,
bloody,procedure,,,,
blooming,queen,,,,
blossoming,ratio,,,,
blue,relation,,,,
blundering,restaurant,,,,
blunt,satisfaction,,,,
blurred,sector,,,,
blurry,signature,,,,
blushing,significance,,,,
boastful,song,,,,
bodacious,tooth,,,,
bohemian,town,,,,
boiling,vehicle,,,,
boisterous,volume,,,,
bold,wife,,,,
bookish,accident,,,,
booming,airport,,,,
boorish,appointment,,,,
bordering,arrival,,,,
bored,assumption,,,,
boring,baseball,,,,
born,chapter,,,,
bossy,committee,,,,
both,conversation,,,,
bothered,database,,,,
bouncing,enthusiasm,,,,
bouncy,error,,,,
boundless,explanation,,,,
bountiful,farmer,,,,
boyish,gate,,,,
braided,girl,,,,
brainless,hall,,,,
brainy,historian,,,,
brash,hospital,,,,
brassy,injury,,,,
brave,instruction,,,,
brawny,maintenance,,,,
brazen,manufacturer,,,,
breakable,meal,,,,
breathable,perception,,,,
breathless,pie,,,,
breathtaking,poem,,,,
breezy,presence,,,,
bribable,proposal,,,,
brick,reception,,,,
brief,replacement,,,,
bright,revolution,,,,
bright-eyed,river,,,,
bright-red,son,,,,
brilliant,speech,,,,
briny,tea,,,,
brisk,village,,,,
bristly,warning,,,,
broad,winner,,,,
broken,worker,,,,
broken-hearted,writer,,,,
bronchial,assistance,,,,
bronze,breath,,,,
bronzed,buyer,,,,
brooding,chest,,,,
brown,chocolate,,,,
bruised,conclusion,,,,
brunette,contribution,,,,
brutal,cookie,,,,
brutish,courage,,,,
bubbly,dad,,,,
budget,desk,,,,
built-in,drawer,,,,
bulky,establishment,,,,
bumpy,examination,,,,
bungling,garbage,,,,
buoyant,grocery,,,,
bureaucratic,honey,,,,
burly,impression,,,,
burnable,improvement,,,,
burning,independence,,,,
bushy,insect,,,,
busiest,inspection,,,,
business,inspector,,,,
bustling,king,,,,
busy,ladder,,,,
buzzing,menu,,,,
cackling,penalty,,,,
caged,piano,,,,
cagey,potato,,,,
calculable,profession,,,,
calculated,professor,,,,
calculating,quantity,,,,
callous,reaction,,,,
calm,requirement,,,,
calming,salad,,,,
camouflaged,sister,,,,
cancelled,supermarket,,,,
cancerous,tongue,,,,
candid,weakness,,,,
cantankerous,wedding,,,,
capable,affair,,,,
capricious,ambition,,,,
captivated,analyst,,,,
captivating,apple,,,,
captive,assignment,,,,
carefree,assistant,,,,
careful,bathroom,,,,
careless,bedroom,,,,
caring,beer,,,,
carnivorous,birthday,,,,
carpeted,celebration,,,,
carsick,championship,,,,
casual,cheek,,,,
catastrophic,client,,,,
catatonic,consequence,,,,
catchable,departure,,,,
caustic,diamond,,,,
cautious,dirt,,,,
cavalier,ear,,,,
cavernous,fortune,,,,
ceaseless,friendship,,,,
celebrated,funeral,,,,
celestial,gene,,,,
centered,girlfriend,,,,
central,hat,,,,
cerebral,indication,,,,
ceremonial,intention,,,,
certain,lady,,,,
certifiable,midnight,,,,
certified,negotiation,,,,
challenged,obligation,,,,
challenging,passenger,,,,
chance,pizza,,,,
changeable,platform,,,,
changing,poet,,,,
chanting,pollution,,,,
charging,recognition,,,,
charismatic,reputation,,,,
charitable,shirt,,,,
charmed,sir,,,,
charming,speaker,,,,
chattering,stranger,,,,
chatting,surgery,,,,
chatty,sympathy,,,,
chauvinistic,tale,,,,
cheap,throat,,,,
cheapest,trainer,,,,
cheeky,uncle,,,,
cheerful,youth,,,,
cheering,time,,,,
cheerless,work,,,,
cheery,film,,,,
chemical,water,,,,
chewable,money,,,,
chewy,example,,,,
chic,while,,,,
chicken,business,,,,
chief,study,,,,
childish,game,,,,
childlike,life,,,,
chilling,form,,,,
chilly,air,,,,
chivalrous,day,,,,
choice,place,,,,
choking,number,,,,
choppy,part,,,,
chronological,field,,,,
chubby,fish,,,,
chuckling,back,,,,
chunky,process,,,,
cinematic,heat,,,,
circling,hand,,,,
circular,experience,,,,
circumstantial,job,,,,
civil,book,,,,
civilian,end,,,,
civilized,point,,,,
clammy,type,,,,
clamoring,home,,,,
clandestine,economy,,,,
clanging,value,,,,
clapping,body,,,,
clashing,market,,,,
classic,guide,,,,
classical,interest,,,,
classifiable,state,,,,
classified,radio,,,,
classy,course,,,,
clean,company,,,,
cleanable,price,,,,
clear,size,,,,
cleared,card,,,,
clearheaded,list,,,,
clever,mind,,,,
climatic,trade,,,,
climbable,line,,,,
clinging,care,,,,
clingy,group,,,,
clinical,risk,,,,
cliquish,word,,,,
clogged,fat,,,,
cloistered,force,,,,
close,key,,,,
closeable,light,,,,
closed,training,,,,
close-minded,name,,,,
cloudless,school,,,,
cloudy,top,,,,
clownish,amount,,,,
clueless,level,,,,
clumsy,order,,,,
cluttered,practice,,,,
coachable,research,,,,
coarse,sense,,,,
cockamamie,service,,,,
cocky,piece,,,,
codified,web,,,,
coercive,boss,,,,
cognitive,sport,,,,
coherent,fun,,,,
cohesive,house,,,,
coincidental,page,,,,
cold,term,,,,
coldhearted,test,,,,
collaborative,answer,,,,
collapsed,sound,,,,
collapsing,focus,,,,
collectable,matter,,,,
collegial,kind,,,,
colloquial,soil,,,,
colonial,board,,,,
colorful,oil,,,,
colorless,picture,,,,
colossal,access,,,,
combative,garden,,,,
combined,range,,,,
comfortable,rate,,,,
comforted,reason,,,,
comforting,future,,,,
comical,site,,,,
commanding,demand,,,,
commemorative,exercise,,,,
commendable,image,,,,
commercial,case,,,,
committed,cause,,,,
common,coast,,,,
communal,action,,,,
communicable,age,,,,
communicative,bad,,,,
communist,boat,,,,
compact,record,,,,
comparable,result,,,,
comparative,section,,,,
compassionate,building,,,,
compelling,mouse,,,,
competent,cash,,,,
competitive,class,,,,
complacent,nothing,,,,
complaining,period,,,,
complete,plan,,,,
completed,store,,,,
complex,tax,,,,
compliant,side,,,,
complicated,subject,,,,
complimentary,space,,,,
compound,rule,,,,
comprehensive,stock,,,,
compulsive,weather,,,,
compulsory,chance,,,,
computer,figure,,,,
computerized,man,,,,
concealable,model,,,,
concealed,source,,,,
conceited,beginning,,,,
conceivable,earth,,,,
concerned,program,,,,
concerning,chicken,,,,
concerted,design,,,,
concise,feature,,,,
concurrent,head,,,,
condemned,material,,,,
condensed,purpose,,,,
condescending,question,,,,
conditional,rock,,,,
confident,salt,,,,
confidential,act,,,,
confirmable,birth,,,,
confirmed,car,,,,
conflicted,dog,,,,
conflicting,object,,,,
conformable,scale,,,,
confounded,sun,,,,
confused,note,,,,
confusing,profit,,,,
congenial,rent,,,,
congested,speed,,,,
congressional,style,,,,
congruent,war,,,,
congruous,bank,,,,
connectable,craft,,,,
connected,half,,,,
connecting,inside,,,,
connective,outside,,,,
conscientious,standard,,,,
conscious,bus,,,,
consecutive,exchange,,,,
consensual,eye,,,,
consenting,fire,,,,
conservative,position,,,,
considerable,pressure,,,,
considerate,stress,,,,
consistent,advantage,,,,
consoling,benefit,,,,
conspicuous,box,,,,
conspiratorial,frame,,,,
constant,issue,,,,
constitutional,step,,,,
constrictive,cycle,,,,
constructive,face,,,,
consumable,item,,,,
consummate,metal,,,,
contagious,paint,,,,
containable,review,,,,
contemplative,room,,,,
contemporary,screen,,,,
contemptible,structure,,,,
contemptuous,view,,,,
content,account,,,,
contented,ball,,,,
contentious,discipline,,,,
contextual,medium,,,,
continual,share,,,,
continuing,balance,,,,
continuous,bit,,,,
contoured,black,,,,
contractual,bottom,,,,
contradicting,choice,,,,
contradictory,gift,,,,
contrarian,impact,,,,
contrary,machine,,,,
contributive,shape,,,,
contrite,tool,,,,
controllable,wind,,,,
controlling,address,,,,
controversial,average,,,,
convenient,career,,,,
conventional,culture,,,,
conversational,morning,,,,
convinced,pot,,,,
convincing,sign,,,,
convoluted,table,,,,
convulsive,task,,,,
cooing,condition,,,,
cooked,contact,,,,
cool,credit,,,,
coolest,egg,,,,
cooperative,hope,,,,
coordinated,ice,,,,
copious,network,,,,
coquettish,north,,,,
cordial,square,,,,
corner,attempt,,,,
cornered,date,,,,
corny,effect,,,,
corporate,link,,,,
corpulent,post,,,,
correct,star,,,,
correctable,voice,,,,
corrective,capital,,,,
corresponding,challenge,,,,
corrosive,friend,,,,
corrupt,self,,,,
corrupting,shot,,,,
corruptive,brush,,,,
cosmetic,couple,,,,
cosmic,debate,,,,
costly,exit,,,,
cottony,front,,,,
coughing,function,,,,
courageous,lack,,,,
courteous,living,,,,
covert,plant,,,,
coveted,plastic,,,,
cowardly,spot,,,,
cowering,summer,,,,
coy,taste,,,,
cozy,theme,,,,
crabby,track,,,,
cracked,wing,,,,
crackling,brain,,,,
crafty,button,,,,
craggy,click,,,,
crammed,desire,,,,
cramped,foot,,,,
cranky,gas,,,,
crashing,influence,,,,
crass,notice,,,,
craven,rain,,,,
crawling,wall,,,,
crazy,base,,,,
creaking,damage,,,,
creaky,distance,,,,
creamy,feeling,,,,
creative,pair,,,,
credible,savings,,,,
creeping,staff,,,,
creepy,sugar,,,,
crestfallen,target,,,,
criminal,text,,,,
crippled,animal,,,,
crippling,author,,,,
crisp,budget,,,,
crispy,discount,,,,
critical,file,,,,
crooked,ground,,,,
cropped,lesson,,,,
cross,minute,,,,
crossed,officer,,,,
crotchety,phase,,,,
crowded,reference,,,,
crucial,register,,,,
crude,sky,,,,
cruel,stage,,,,
crumbling,stick,,,,
crumbly,title,,,,
crumply,trouble,,,,
crunchable,bowl,,,,
crunching,bridge,,,,
crunchy,campaign,,,,
crushable,character,,,,
crushed,club,,,,
crusty,edge,,,,
crying,evidence,,,,
cryptic,fan,,,,
crystalline,letter,,,,
crystallized,lock,,,,
cuddly,maximum,,,,
culpable,novel,,,,
cultural,option,,,,
cultured,pack,,,,
cumbersome,park,,,,
cumulative,plenty,,,,
cunning,quarter,,,,
curable,skin,,,,
curative,sort,,,,
curious,weight,,,,
curly,baby,,,,
current,background,,,,
cursed,carry,,,,
curt,dish,,,,
curved,factor,,,,
curvy,fruit,,,,
customary,glass,,,,
cut,joint,,,,
cute,master,,,,
cutting,muscle,,,,
cylindrical,red,,,,
cynical,strength,,,,
daffy,traffic,,,,
daft,trip,,,,
daily,vegetable,,,,
dainty,appeal,,,,
damaged,chart,,,,
damaging,gear,,,,
damp,ideal,,,,
danceable,kitchen,,,,
dandy,land,,,,
dangerous,log,,,,
dapper,mother,,,,
daring,net,,,,
dark,party,,,,
darkened,principle,,,,
dashing,relative,,,,
daughterly,sale,,,,
daunting,season,,,,
dawdling,signal,,,,
day,spirit,,,,
dazed,street,,,,
dazzling,tree,,,,
dead,wave,,,,
deadly,belt,,,,
deadpan,bench,,,,
deaf,commission,,,,
deafening,copy,,,,
dear,drop,,,,
debatable,minimum,,,,
debonair,path,,,,
decadent,progress,,,,
decayed,project,,,,
decaying,sea,,,,
deceitful,south,,,,
deceivable,status,,,,
deceiving,stuff,,,,
decent,ticket,,,,
decentralized,tour,,,,
deceptive,angle,,,,
decimated,blue,,,,
decipherable,breakfast,,,,
decisive,confidence,,,,
declining,daughter,,,,
decorative,degree,,,,
decorous,doctor,,,,
decreasing,dot,,,,
decrepit,dream,,,,
dedicated,duty,,,,
deep,essay,,,,
deepening,father,,,,
deeply,fee,,,,
defeated,finance,,,,
defective,hour,,,,
defendable,juice,,,,
defenseless,limit,,,,
defensible,luck,,,,
defensive,milk,,,,
defiant,mouth,,,,
deficient,peace,,,,
definable,pipe,,,,
definitive,seat,,,,
deformed,stable,,,,
degenerative,storm,,,,
degraded,substance,,,,
dehydrated,team,,,,
dejected,trick,,,,
delectable,afternoon,,,,
deliberate,bat,,,,
deliberative,beach,,,,
delicate,blank,,,,
delicious,catch,,,,
delighted,chain,,,,
delightful,consideration,,,,
delinquent,cream,,,,
delirious,crew,,,,
deliverable,detail,,,,
deluded,gold,,,,
demanding,interview,,,,
demented,kid,,,,
democratic,mark,,,,
demonic,match,,,,
demonstrative,mission,,,,
demure,pain,,,,
deniable,pleasure,,,,
dense,score,,,,
dependable,screw,,,,
dependent,sex,,,,
deplorable,shop,,,,
deploring,shower,,,,
depraved,suit,,,,
depressed,tone,,,,
depressing,window,,,,
depressive,agent,,,,
deprived,band,,,,
deranged,block,,,,
derivative,bone,,,,
derogative,calendar,,,,
derogatory,cap,,,,
descriptive,coat,,,,
deserted,contest,,,,
designer,corner,,,,
desirable,court,,,,
desirous,cup,,,,
desolate,district,,,,
despairing,door,,,,
desperate,east,,,,
despicable,finger,,,,
despised,garage,,,,
despondent,guarantee,,,,
destroyed,hole,,,,
destructive,hook,,,,
detachable,implement,,,,
detached,layer,,,,
detailed,lecture,,,,
detectable,lie,,,,
determined,manner,,,,
detestable,meeting,,,,
detrimental,nose,,,,
devastated,parking,,,,
devastating,partner,,,,
devious,profile,,,,
devoted,respect,,,,
devout,rice,,,,
dexterous,routine,,,,
diabolical,schedule,,,,
diagonal,swimming,,,,
didactic,telephone,,,,
different,tip,,,,
difficult,winter,,,,
diffuse,airline,,,,
digestive,bag,,,,
digital,battle,,,,
dignified,bed,,,,
digressive,bill,,,,
dilapidated,bother,,,,
diligent,cake,,,,
dim,code,,,,
diminishing,curve,,,,
diminutive,designer,,,,
dingy,dimension,,,,
diplomatic,dress,,,,
dire,ease,,,,
direct,emergency,,,,
direful,evening,,,,
dirty,extension,,,,
disabled,farm,,,,
disadvantaged,fight,,,,
disadvantageous,gap,,,,
disaffected,grade,,,,
disagreeable,holiday,,,,
disappearing,horror,,,,
disappointed,horse,,,,
disappointing,host,,,,
disapproving,husband,,,,
disarming,loan,,,,
disastrous,mistake,,,,
discarded,mountain,,,,
discernable,nail,,,,
disciplined,noise,,,,
disconnected,occasion,,,,
discontented,package,,,,
discordant,patient,,,,
discouraged,pause,,,,
discouraging,phrase,,,,
discourteous,proof,,,,
discredited,race,,,,
discreet,relief,,,,
discriminating,sand,,,,
discriminatory,sentence,,,,
discussable,shoulder,,,,
disdainful,smoke,,,,
diseased,stomach,,,,
disenchanted,string,,,,
disgraceful,tourist,,,,
disgruntled,towel,,,,
disgusted,vacation,,,,
disgusting,west,,,,
disheartened,wheel,,,,
disheartening,wine,,,,
dishonest,arm,,,,
dishonorable,aside,,,,
disillusioned,associate,,,,
disinclined,bet,,,,
disingenuous,blow,,,,
disinterested,border,,,,
disjointed,branch,,,,
dislikeable,breast,,,,
disliked,brother,,,,
disloyal,buddy,,,,
dismal,bunch,,,,
dismissive,chip,,,,
disobedient,coach,,,,
disorderly,cross,,,,
disorganized,document,,,,
disparaging,draft,,,,
disparate,dust,,,,
dispassionate,expert,,,,
dispensable,floor,,,,
displaced,god,,,,
displeased,golf,,,,
displeasing,habit,,,,
disposable,iron,,,,
disproportionate,judge,,,,
disproved,knife,,,,
disputable,landscape,,,,
disputatious,league,,,,
disputed,mail,,,,
disreputable,mess,,,,
disrespectful,native,,,,
disruptive,opening,,,,
dissatisfied,parent,,,,
dissimilar,pattern,,,,
dissolvable,pin,,,,
dissolving,pool,,,,
dissonant,pound,,,,
dissuasive,request,,,,
distant,salary,,,,
distasteful,shame,,,,
distinct,shelter,,,,
distinctive,shoe,,,,
distinguished,silver,,,,
distracted,tackle,,,,
distracting,tank,,,,
distraught,trust,,,,
distressed,assist,,,,
distressing,bake,,,,
distrustful,bar,,,,
disturbed,bell,,,,
disturbing,bike,,,,
divergent,blame,,,,
diverging,boy,,,,
diverse,brick,,,,
diversified,chair,,,,
divided,closet,,,,
divine,clue,,,,
divisive,collar,,,,
dizzy,comment,,,,
dizzying,conference,,,,
doable,devil,,,,
documentary,diet,,,,
dogged,fear,,,,
doggish,fuel,,,,
dogmatic,glove,,,,
doleful,jacket,,,,
dollish,lunch,,,,
domed,monitor,,,,
domestic,mortgage,,,,
dominant,nurse,,,,
domineering,pace,,,,
dorsal,panic,,,,
doting,peak,,,,
double,plane,,,,
doubtful,reward,,,,
doubting,row,,,,
dovish,sandwich,,,,
dowdy,shock,,,,
down,spite,,,,
down-and-out,spray,,,,
downhearted,surprise,,,,
downloadable,till,,,,
downtown,transition,,,,
downward,weekend,,,,
dozing,welcome,,,,
drab,yard,,,,
drained,alarm,,,,
dramatic,bend,,,,
drastic,bicycle,,,,
dreaded,bite,,,,
dreadful,blind,,,,
dreaming,bottle,,,,
dreamy,cable,,,,
dreary,candle,,,,
drenched,clerk,,,,
dress,cloud,,,,
dressy,concert,,,,
dried,counter,,,,
dripping,flower,,,,
drivable,grandfather,,,,
driven,harm,,,,
droll,knee,,,,
drooping,lawyer,,,,
droopy,leather,,,,
drowsy,load,,,,
drunk,mirror,,,,
dry,neck,,,,
dual,pension,,,,
dubious,plate,,,,
due,purple,,,,
dulcet,ruin,,,,
dull,ship,,,,
duplicitous,skirt,,,,
durable,slice,,,,
dusty,snow,,,,
dutiful,specialist,,,,
dwarfish,stroke,,,,
dwindling,switch,,,,
dynamic,trash,,,,
dysfunctional,tune,,,,
each,zone,,,,
eager,anger,,,,
early,award,,,,
earnest,bid,,,,
ear-piercing,bitter,,,,
ear-splitting,boot,,,,
earthshaking,bug,,,,
earthy,camp,,,,
east,candy,,,,
eastern,carpet,,,,
easy,cat,,,,
eatable,champion,,,,
eccentric,channel,,,,
echoing,clock,,,,
ecological,comfort,,,,
economic,cow,,,,
economical,crack,,,,
economy,engineer,,,,
ecstatic,entrance,,,,
edgy,fault,,,,
editable,grass,,,,
educated,guy,,,,
educational,hell,,,,
eerie,highlight,,,,
effective,incident,,,,
effervescent,island,,,,
efficacious,joke,,,,
efficient,jury,,,,
effortless,leg,,,,
effusive,lip,,,,
egalitarian,mate,,,,
egocentric,motor,,,,
egomaniacal,nerve,,,,
egotistical,passage,,,,
eight,pen,,,,
eighth,pride,,,,
either,priest,,,,
elaborate,prize,,,,
elastic,promise,,,,
elated,resident,,,,
elderly,resort,,,,
electric,ring,,,,
electrical,roof,,,,
electrifying,rope,,,,
electronic,sail,,,,
elegant,scheme,,,,
elementary,script,,,,
elevated,sock,,,,
elfish,station,,,,
eligible,toe,,,,
elite,tower,,,,
eloquent,truck,,,,
elusive,witness,,,,
emaciated,a,,,,
embarrassed,you,,,,
embarrassing,it,,,,
embattled,can,,,,
embittered,will,,,,
emblematic,if,,,,
emboldened,one,,,,
embroiled,many,,,,
emergency,most,,,,
eminent,other,,,,
emotional,use,,,,
emotionless,make,,,,
empirical,good,,,,
empty,look,,,,
enamored,help,,,,
enchanted,go,,,,
enchanting,great,,,,
encouraged,being,,,,
encouraging,few,,,,
encrusted,might,,,,
endangered,still,,,,
endearing,public,,,,
endemic,read,,,,
endless,keep,,,,
endurable,start,,,,
enduring,give,,,,
energetic,human,,,,
energizing,local,,,,
enforceable,general,,,,
engaging,she,,,,
engrossing,specific,,,,
enhanced,long,,,,
enigmatic,play,,,,
enjoyable,feel,,,,
enlarged,high,,,,
enlightened,tonight,,,,
enormous,put,,,,
enough,common,,,,
enraged,set,,,,
ensuing,change,,,,
enterprising,simple,,,,
entertained,past,,,,
entertaining,big,,,,
enthralled,possible,,,,
enthused,particular,,,,
enthusiastic,today,,,,
enticing,major,,,,
entire,personal,,,,
entranced,current,,,,
entrepreneurial,national,,,,
enumerable,cut,,,,
enviable,natural,,,,
envious,physical,,,,
environmental,show,,,,
episodic,try,,,,
equable,check,,,,
equal,second,,,,
equidistant,call,,,,
equitable,move,,,,
equivalent,pay,,,,
erasable,let,,,,
erect,increase,,,,
eroding,single,,,,
errant,individual,,,,
erratic,turn,,,,
erroneous,ask,,,,
eruptive,buy,,,,
escalating,guard,,,,
esoteric,hold,,,,
essential,main,,,,
established,offer,,,,
estimated,potential,,,,
estranged,professional,,,,
eternal,international,,,,
ethereal,travel,,,,
ethical,cook,,,,
ethnic,alternative,,,,
euphemistic,following,,,,
euphoric,special,,,,
evasive,working,,,,
even,whole,,,,
evenhanded,dance,,,,
evening,excuse,,,,
eventful,cold,,,,
eventual,commercial,,,,
everlasting,low,,,,
every,purchase,,,,
evil,deal,,,,
evocative,primary,,,,
exacerbating,worth,,,,
exact,fall,,,,
exacting,necessary,,,,
exaggerated,positive,,,,
exalted,produce,,,,
exasperated,search,,,,
exasperating,present,,,,
excellent,spend,,,,
exceptional,talk,,,,
excessive,creative,,,,
exchangeable,tell,,,,
excitable,cost,,,,
excited,drive,,,,
exciting,green,,,,
exclusive,support,,,,
excruciating,glad,,,,
excusable,remove,,,,
executable,return,,,,
exemplary,run,,,,
exhausted,complex,,,,
exhausting,due,,,,
exhaustive,effective,,,,
exhilarated,middle,,,,
exhilarating,regular,,,,
existing,reserve,,,,
exotic,independent,,,,
expandable,leave,,,,
expanded,original,,,,
expanding,reach,,,,
expansive,rest,,,,
expectant,serve,,,,
expected,watch,,,,
expedient,beautiful,,,,
expeditious,charge,,,,
expendable,active,,,,
expensive,break,,,,
experimental,negative,,,,
expert,safe,,,,
expired,stay,,,,
expiring,visit,,,,
explainable,visual,,,,
explicit,affect,,,,
exploding,cover,,,,
exploitative,report,,,,
exploited,rise,,,,
explosive,walk,,,,
exponential,white,,,,
exposed,beyond,,,,
express,junior,,,,
expressionistic,pick,,,,
expressionless,unique,,,,
expressive,anything,,,,
exquisite,classic,,,,
extemporaneous,final,,,,
extendable,lift,,,,
extended,mix,,,,
extension,private,,,,
extensive,stop,,,,
exterior,teach,,,,
external,western,,,,
extra,concern,,,,
extra-large,familiar,,,,
extraneous,fly,,,,
extraordinary,official,,,,
extra-small,broad,,,,
extravagant,comfortable,,,,
extreme,gain,,,,
exuberant,maybe,,,,
eye-popping,rich,,,,
fabled,save,,,,
fabulous,stand,,,,
facetious,young,,,,
facial,fail,,,,
factitious,heavy,,,,
factual,hello,,,,
faded,lead,,,,
fading,listen,,,,
failed,valuable,,,,
faint,worry,,,,
fainthearted,handle,,,,
fair,leading,,,,
faithful,meet,,,,
faithless,release,,,,
fallacious,sell,,,,
FALSE,finish,,,,
falsified,normal,,,,
faltering,press,,,,
familiar,ride,,,,
famished,secret,,,,
famous,spread,,,,
fanatical,spring,,,,
fanciful,tough,,,,
fancy,wait,,,,
fantastic,brown,,,,
far,deep,,,,
faraway,display,,,,
farcical,flow,,,,
far-flung,hit,,,,
farsighted,objective,,,,
fascinated,shoot,,,,
fascinating,touch,,,,
fascistic,cancel,,,,
fashionable,chemical,,,,
fast,cry,,,,
fastest,dump,,,,
fastidious,extreme,,,,
fast-moving,push,,,,
fat,conflict,,,,
fatal,eat,,,,
fateful,fill,,,,
fatherly,formal,,,,
fathomable,jump,,,,
fathomless,kick,,,,
fatigued,opposite,,,,
faulty,pass,,,,
favorable,pitch,,,,
favorite,remote,,,,
fawning,total,,,,
feared,treat,,,,
fearful,vast,,,,
fearless,abuse,,,,
fearsome,beat,,,,
feathered,burn,,,,
feathery,deposit,,,,
feckless,print,,,,
federal,raise,,,,
feeble,sleep,,,,
feebleminded,somewhere,,,,
feeling,advance,,,,
feigned,anywhere,,,,
felonious,consist,,,,
female,dark,,,,
feminine,double,,,,
fermented,draw,,,,
ferocious,equal,,,,
fertile,fix,,,,
fervent,hire,,,,
fervid,internal,,,,
festive,join,,,,
fetching,kill,,,,
fetid,sensitive,,,,
feudal,tap,,,,
feverish,win,,,,
few,attack,,,,
fewer,claim,,,,
fictional,constant,,,,
fictitious,drag,,,,
fidgeting,drink,,,,
fidgety,guess,,,,
fiendish,minor,,,,
fierce,pull,,,,
fiery,raw,,,,
fifth,soft,,,,
filmy,solid,,,,
filtered,wear,,,,
filthy,weird,,,,
final,wonder,,,,
financial,annual,,,,
fine,count,,,,
finicky,dead,,,,
finite,doubt,,,,
fireproof,feed,,,,
firm,forever,,,,
first,impress,,,,
fiscal,nobody,,,,
fishy,repeat,,,,
fit,round,,,,
fitted,sing,,,,
fitting,slide,,,,
five,strip,,,,
fixable,whereas,,,,
fixed,wish,,,,
flabby,combine,,,,
flagrant,command,,,,
flaky,dig,,,,
flamboyant,divide,,,,
flaming,equivalent,,,,
flammable,hang,,,,
flashy,hunt,,,,
flat,initial,,,,
flattened,march,,,,
flattered,mention,,,,
flattering,smell,,,,
flavored,spiritual,,,,
flavorful,survey,,,,
flavorless,tie,,,,
flawed,adult,,,,
flawless,brief,,,,
fleeting,crazy,,,,
flexible,escape,,,,
flickering,gather,,,,
flimsy,hate,,,,
flippant,prior,,,,
flirtatious,repair,,,,
floating,rough,,,,
flooded,sad,,,,
floppy,scratch,,,,
floral,sick,,,,
flowering,strike,,,,
flowery,employ,,,,
fluent,external,,,,
fluffy,hurt,,,,
flushed,illegal,,,,
fluttering,laugh,,,,
flying,lay,,,,
foamy,mobile,,,,
focused,nasty,,,,
foggy,ordinary,,,,
folded,respond,,,,
following,royal,,,,
fond,senior,,,,
foolhardy,split,,,,
foolish,strain,,,,
forbidding,struggle,,,,
forceful,swim,,,,
foreboding,train,,,,
foregoing,upper,,,,
foreign,wash,,,,
forensic,yellow,,,,
foreseeable,convert,,,,
forged,crash,,,,
forgetful,dependent,,,,
forgettable,fold,,,,
forgivable,funny,,,,
forgiving,grab,,,,
forgotten,hide,,,,
forked,miss,,,,
formal,permit,,,,
formative,quote,,,,
former,recover,,,,
formidable,resolve,,,,
formless,roll,,,,
formulaic,sink,,,,
forthright,slip,,,,
fortuitous,spare,,,,
fortunate,suspect,,,,
forward,sweet,,,,
foul,swing,,,,
foul-smelling,twist,,,,
four,upstairs,,,,
fourth,usual,,,,
foxy,abroad,,,,
fractional,brave,,,,
fractious,calm,,,,
fragile,concentrate,,,,
fragmented,estimate,,,,
fragrant,grand,,,,
frail,male,,,,
frank,mine,,,,
frantic,prompt,,,,
fraternal,quiet,,,,
fraudulent,refuse,,,,
frayed,regret,,,,
freakish,reveal,,,,
freaky,rush,,,,
freckled,shake,,,,
free,shift,,,,
freezing,shine,,,,
frequent,steal,,,,
fresh,suck,,,,
fretful,surround,,,,
fried,anybody,,,,
friendly,bear,,,,
frightened,brilliant,,,,
frightening,dare,,,,
frightful,dear,,,,
frigid,delay,,,,
frilly,drunk,,,,
frisky,female,,,,
frivolous,hurry,,,,
front,inevitable,,,,
frosty,invite,,,,
frothy,kiss,,,,
frowning,neat,,,,
frozen,pop,,,,
frugal,punch,,,,
fruitful,quit,,,,
fruitless,reply,,,,
fruity,representative,,,,
frumpy,resist,,,,
frustrated,rip,,,,
frustrating,rub,,,,
fulfilled,silly,,,,
fulfilling,smile,,,,
full,spell,,,,
fully-grown,stretch,,,,
fumbling,stupid,,,,
fuming,tear,,,,
fun,temporary,,,,
functional,tomorrow,,,,
fundamental,wake,,,,
fun-loving,wrap,,,,
funniest,yesterday,,,,
funny,alchemist,,,,
furious,blanket,,,,
furry,ship,,,,
furthest,rebound,,,,
furtive,end,,,,
fussy,beginning,,,,
futile,middle,,,,
future,size,,,,
futuristic,distance,,,,
fuzzy,space,,,,
gabby,reset,,,,
gainful,dawn,,,,
gallant,warning,,,,
galling,epoch,,,,
game,oblivion,,,,
gangly,zero,,,,
gaping,ghost,,,,
garbled,standoff,,,,
gargantuan,justice,,,,
garish,soapbox,,,,
garrulous,chaos,,,,
gaseous,breath,,,,
gasping,,,,,
gaudy,,,,,
gaunt,,,,,
gauzy,,,,,
gawky,,,,,
general,,,,,
generative,,,,,
generic,,,,,
generous,,,,,
genial,,,,,
gentle,,,,,
genuine,,,,,
geographic,,,,,
geologic,,,,,
geometric,,,,,
geriatric,,,,,
ghastly,,,,,
ghostly,,,,,
ghoulish,,,,,
giant,,,,,
giddy,,,,,
gifted,,,,,
gigantic,,,,,
giggling,,,,,
gilded,,,,,
giving,,,,,
glad,,,,,
glamorous,,,,,
glaring,,,,,
glass,,,,,
glassy,,,,,
gleaming,,,,,
glib,,,,,
glistening,,,,,
glittering,,,,,
global,,,,,
globular,,,,,
gloomy,,,,,
glorious,,,,,
glossy,,,,,
glowing,,,,,
gluey,,,,,
glum,,,,,
gluttonous,,,,,
gnarly,,,,,
gold,,,,,
golden,,,,,
good,,,,,
good-looking,,,,,
good-natured,,,,,
gooey,,,,,
goofy,,,,,
gorgeous,,,,,
graceful,,,,,
gracious,,,,,
gradual,,,,,
grainy,,,,,
grand,,,,,
grandiose,,,,,
graphic,,,,,
grateful,,,,,
gratified,,,,,
gratifying,,,,,
grating,,,,,
gratis,,,,,
gratuitous,,,,,
grave,,,,,
gray,,,,,
greasy,,,,,
great,,,,,
greatest,,,,,
greedy,,,,,
green,,,,,
gregarious,,,,,
grey,,,,,
grieving,,,,,
grim,,,,,
grimacing,,,,,
grimy,,,,,
grinding,,,,,
grinning,,,,,
gripping,,,,,
gritty,,,,,
grizzled,,,,,
groaning,,,,,
groggy,,,,,
groomed,,,,,
groovy,,,,,
gross,,,,,
grotesque,,,,,
grouchy,,,,,
growling,,,,,
grown-up,,,,,
grubby,,,,,
grueling,,,,,
gruesome,,,,,
gruff,,,,,
grumbling,,,,,
grumpy,,,,,
guaranteed,,,,,
guarded,,,,,
guiltless,,,,,
guilt-ridden,,,,,
guilty,,,,,
gullible,,,,,
gurgling,,,,,
gushing,,,,,
gushy,,,,,
gusty,,,,,
gutsy,,,,,
habitable,,,,,
habitual,,,,,
haggard,,,,,
hairless,,,,,
hairy,,,,,
half,,,,,
halfhearted,,,,,
hallowed,,,,,
halting,,,,,
handsome,,,,,
handy,,,,,
hanging,,,,,
haphazard,,,,,
hapless,,,,,
happy,,,,,
hard,,,,,
hard-to-find,,,,,
hardworking,,,,,
hardy,,,,,
harebrained,,,,,
harmful,,,,,
harmless,,,,,
harmonic,,,,,
harmonious,,,,,
harried,,,,,
harsh,,,,,
hasty,,,,,
hated,,,,,
hateful,,,,,
haughty,,,,,
haunting,,,,,
hawkish,,,,,
hazardous,,,,,
hazy,,,,,
head,,,,,
heady,,,,,
healthy,,,,,
heartbreaking,,,,,
heartbroken,,,,,
heartless,,,,,
heartrending,,,,,
hearty,,,,,
heated,,,,,
heavenly,,,,,
heavy,,,,,
hectic,,,,,
hefty,,,,,
heinous,,,,,
helpful,,,,,
helpless,,,,,
her,,,,,
heroic,,,,,
hesitant,,,,,
hideous,,,,,
high,,,,,
highest,,,,,
highfalutin,,,,,
high-functioning,,,,,
high-maintenance,,,,,
high-pitched,,,,,
high-risk,,,,,
hilarious,,,,,
his,,,,,
hissing,,,,,
historical,,,,,
hoarse,,,,,
hoggish,,,,,
holiday,,,,,
holistic,,,,,
hollow,,,,,
home,,,,,
homeless,,,,,
homely,,,,,
homeopathic,,,,,
homey,,,,,
homogeneous,,,,,
honest,,,,,
honking,,,,,
honorable,,,,,
hopeful,,,,,
hopeless,,,,,
horizontal,,,,,
hormonal,,,,,
horned,,,,,
horrendous,,,,,
horrible,,,,,
horrid,,,,,
horrific,,,,,
horrified,,,,,
horrifying,,,,,
hospitable,,,,,
hostile,,,,,
hot,,,,,
hot,,,,,
hot-blooded,,,,,
hotheaded,,,,,
hot-shot,,,,,
hot-tempered,,,,,
hour-long,,,,,
house,,,,,
howling,,,,,
huffy,,,,,
huge,,,,,
huggable,,,,,
hulking,,,,,
human,,,,,
humanitarian,,,,,
humanlike,,,,,
humble,,,,,
humdrum,,,,,
humid,,,,,
humiliated,,,,,
humiliating,,,,,
humming,,,,,
humongous,,,,,
humorless,,,,,
humorous,,,,,
hungry,,,,,
hurried,,,,,
hurt,,,,,
hurtful,,,,,
hushed,,,,,
husky,,,,,
hydraulic,,,,,
hydrothermal,,,,,
hygienic,,,,,
hyper-active,,,,,
hyperbolic,,,,,
hypercritical,,,,,
hyperirritable,,,,,
hypersensitive,,,,,
hypertensive,,,,,
hypnotic,,,,,
hypnotizable,,,,,
hypothetical,,,,,
hysterical,,,,,
icky,,,,,
iconoclastic,,,,,
icy,,,,,
icy-cold,,,,,
ideal,,,,,
idealistic,,,,,
identical,,,,,
identifiable,,,,,
idiosyncratic,,,,,
idiotic,,,,,
idyllic,,,,,
ignorable,,,,,
ignorant,,,,,
ill,,,,,
illegal,,,,,
illegible,,,,,
illegitimate,,,,,
ill-equipped,,,,,
ill-fated,,,,,
ill-humored,,,,,
illicit,,,,,
ill-informed,,,,,
illiterate,,,,,
illogical,,,,,
illuminating,,,,,
illusive,,,,,
illustrious,,,,,
imaginable,,,,,
imaginary,,,,,
imaginative,,,,,
imitative,,,,,
immaculate,,,,,
immanent,,,,,
immature,,,,,
immeasurable,,,,,
immediate,,,,,
immense,,,,,
immensurable,,,,,
imminent,,,,,
immobile,,,,,
immodest,,,,,
immoral,,,,,
immortal,,,,,
immovable,,,,,
impartial,,,,,
impassable,,,,,
impassioned,,,,,
impatient,,,,,
impeccable,,,,,
impenetrable,,,,,
imperative,,,,,
imperceptible,,,,,
imperceptive,,,,,
imperfect,,,,,
imperial,,,,,
imperialistic,,,,,
impermeable,,,,,
impersonal,,,,,
impertinent,,,,,
impervious,,,,,
impetuous,,,,,
impish,,,,,
implausible,,,,,
implicit,,,,,
implosive,,,,,
impolite,,,,,
imponderable,,,,,
important,,,,,
imported,,,,,
imposing,,,,,
impossible,,,,,
impoverished,,,,,
impractical,,,,,
imprecise,,,,,
impressionable,,,,,
impressive,,,,,
improbable,,,,,
improper,,,,,
improvable,,,,,
improved,,,,,
improving,,,,,
imprudent,,,,,
impulsive,,,,,
impure,,,,,
inaccessible,,,,,
inaccurate,,,,,
inactive,,,,,
inadequate,,,,,
inadmissible,,,,,
inadvertent,,,,,
inadvisable,,,,,
inalienable,,,,,
inalterable,,,,,
inane,,,,,
inanimate,,,,,
inapplicable,,,,,
inappropriate,,,,,
inapt,,,,,
inarguable,,,,,
inarticulate,,,,,
inartistic,,,,,
inattentive,,,,,
inaudible,,,,,
inauspicious,,,,,
incalculable,,,,,
incandescent,,,,,
incapable,,,,,
incessant,,,,,
incidental,,,,,
inclusive,,,,,
incoherent,,,,,
incomparable,,,,,
incompatible,,,,,
incompetent,,,,,
incomplete,,,,,
incomprehensible,,,,,
inconceivable,,,,,
inconclusive,,,,,
incongruent,,,,,
incongruous,,,,,
inconsequential,,,,,
inconsiderable,,,,,
inconsiderate,,,,,
inconsistent,,,,,
inconsolable,,,,,
inconspicuous,,,,,
incontrovertible,,,,,
inconvenient,,,,,
incorrect,,,,,
incorrigible,,,,,
incorruptible,,,,,
increasing,,,,,
incredible,,,,,
incredulous,,,,,
incremental,,,,,
incurable,,,,,
indecent,,,,,
indecipherable,,,,,
indecisive,,,,,
indefensible,,,,,
indefinable,,,,,
indefinite,,,,,
indelible,,,,,
independent,,,,,
indescribable,,,,,
indestructible,,,,,
indeterminable,,,,,
indeterminate,,,,,
indicative,,,,,
indifferent,,,,,
indigenous,,,,,
indignant,,,,,
indirect,,,,,
indiscreet,,,,,
indiscriminate,,,,,
indispensable,,,,,
indisputable,,,,,
indistinct,,,,,
individual,,,,,
individualistic,,,,,
indivisible,,,,,
indomitable,,,,,
inductive,,,,,
indulgent,,,,,
industrial,,,,,
industrious,,,,,
ineffective,,,,,
ineffectual,,,,,
inefficient,,,,,
inelegant,,,,,
ineloquent,,,,,
inequitable,,,,,
inert,,,,,
inescapable,,,,,
inevitable,,,,,
inexact,,,,,
inexcusable,,,,,
inexhaustible,,,,,
inexpedient,,,,,
inexpensive,,,,,
inexplicable,,,,,
inexpressible,,,,,
inexpressive,,,,,
inextricable,,,,,
infallible,,,,,
infamous,,,,,
infantile,,,,,
infatuated,,,,,
infected,,,,,
infectious,,,,,
inferable,,,,,
inferior,,,,,
infernal,,,,,
infinite,,,,,
infinitesimal,,,,,
inflamed,,,,,
inflammable,,,,,
inflammatory,,,,,
inflatable,,,,,
inflated,,,,,
inflexible,,,,,
influential,,,,,
informal,,,,,
informative,,,,,
informed,,,,,
infrequent,,,,,
infuriated,,,,,
infuriating,,,,,
ingenious,,,,,
ingenuous,,,,,
inglorious,,,,,
ingratiating,,,,,
inhabitable,,,,,
inharmonious,,,,,
inherent,,,,,
inhibited,,,,,
inhospitable,,,,,
inhuman,,,,,
inhumane,,,,,
initial,,,,,
injudicious,,,,,
injured,,,,,
injurious,,,,,
innate,,,,,
inner,,,,,
innocent,,,,,
innocuous,,,,,
innovative,,,,,
innumerable,,,,,
inoffensive,,,,,
inoperable,,,,,
inoperative,,,,,
inopportune,,,,,
inordinate,,,,,
inorganic,,,,,
inquiring,,,,,
inquisitive,,,,,
insane,,,,,
insatiable,,,,,
inscrutable,,,,,
insecure,,,,,
insensible,,,,,
insensitive,,,,,
inseparable,,,,,
inside,,,,,
insidious,,,,,
insightful,,,,,
insignificant,,,,,
insincere,,,,,
insipid,,,,,
insistent,,,,,
insolent,,,,,
inspirational,,,,,
inspired,,,,,
inspiring,,,,,
instant,,,,,
instantaneous,,,,,
instinctive,,,,,
instinctual,,,,,
institutional,,,,,
instructive,,,,,
instrumental,,,,,
insubordinate,,,,,
insufferable,,,,,
insufficient,,,,,
insulted,,,,,
insulting,,,,,
insurable,,,,,
insurmountable,,,,,
intangible,,,,,
integral,,,,,
intellectual,,,,,
intelligent,,,,,
intelligible,,,,,
intended,,,,,
intense,,,,,
intensive,,,,,
intentional,,,,,
interactive,,,,,
interchangeable,,,,,
interdepartmental,,,,,
interdependent,,,,,
interested,,,,,
interesting,,,,,
interior,,,,,
intermediate,,,,,
intermittent,,,,,
internal,,,,,
international,,,,,
interpersonal,,,,,
interracial,,,,,
intestinal,,,,,
intimate,,,,,
intimidating,,,,,
intolerable,,,,,
intolerant,,,,,
intravenous,,,,,
intrepid,,,,,
intricate,,,,,
intrigued,,,,,
intriguing,,,,,
intrinsic,,,,,
introductory,,,,,
introspective,,,,,
introverted,,,,,
intrusive,,,,,
intuitive,,,,,
invalid,,,,,
invaluable,,,,,
invasive,,,,,
inventive,,,,,
invigorating,,,,,
invincible,,,,,
invisible,,,,,
invited,,,,,
inviting,,,,,
involuntary,,,,,
involved,,,,,
inward,,,,,
irascible,,,,,
irate,,,,,
iridescent,,,,,
irksome,,,,,
iron,,,,,
iron-fisted,,,,,
ironic,,,,,
irrational,,,,,
irreconcilable,,,,,
irrefutable,,,,,
irregular,,,,,
irrelative,,,,,
irrelevant,,,,,
irremovable,,,,,
irreparable,,,,,
irreplaceable,,,,,
irrepressible,,,,,
irresistible,,,,,
irresponsible,,,,,
irretrievably,,,,,
irreverent,,,,,
irreversible,,,,,
irrevocable,,,,,
irritable,,,,,
irritated,,,,,
irritating,,,,,
isolated,,,,,
itchy,,,,,
its,,,,,
itty-bitty,,,,,
jabbering,,,,,
jaded,,,,,
jagged,,,,,
jarring,,,,,
jaundiced,,,,,
jazzy,,,,,
jealous,,,,,
jeering,,,,,
jerky,,,,,
jiggling,,,,,
jittery,,,,,
jobless,,,,,
jocular,,,,,
joint,,,,,
jolly,,,,,
jovial,,,,,
joyful,,,,,
joyless,,,,,
joyous,,,,,
jubilant,,,,,
judgmental,,,,,
judicious,,,,,
juicy,,,,,
jumbled,,,,,
jumpy,,,,,
junior,,,,,
just,,,,,
justifiable,,,,,
juvenile,,,,,
kaput,,,,,
keen,,,,,
key,,,,,
kind,,,,,
kindhearted,,,,,
kindly,,,,,
kinesthetic,,,,,
kingly,,,,,
kitchen,,,,,
knavish,,,,,
knightly,,,,,
knobbed,,,,,
knobby,,,,,
knotty,,,,,
knowable,,,,,
knowing,,,,,
knowledgeable,,,,,
known,,,,,
labored,,,,,
laborious,,,,,
lackadaisical,,,,,
lacking,,,,,
lacy,,,,,
lame,,,,,
lamentable,,,,,
languid,,,,,
languishing,,,,,
lanky,,,,,
larcenous,,,,,
large,,,,,
larger,,,,,
largest,,,,,
lascivious,,,,,
last,,,,,
lasting,,,,,
late,,,,,
latent,,,,,
later,,,,,
lateral,,,,,
latest,,,,,
latter,,,,,
laudable,,,,,
laughable,,,,,
laughing,,,,,
lavish,,,,,
lawful,,,,,
lawless,,,,,
lax,,,,,
lazy,,,,,
lead,,,,,
leading,,,,,
lean,,,,,
learnable,,,,,
learned,,,,,
leased,,,,,
least,,,,,
leather,,,,,
leathery,,,,,
lecherous,,,,,
leering,,,,,
left,,,,,
left-handed,,,,,
legal,,,,,
legendary,,,,,
legible,,,,,
legislative,,,,,
legitimate,,,,,
lengthy,,,,,
lenient,,,,,
less,,,,,
lesser,,,,,
lesser-known,,,,,
less-qualified,,,,,
lethal,,,,,
lethargic,,,,,
level,,,,,
liable,,,,,
libelous,,,,,
liberal,,,,,
licensed,,,,,
life,,,,,
lifeless,,,,,
lifelike,,,,,
lifelong,,,,,
light,,,,,
light-blue,,,,,
lighthearted,,,,,
likable,,,,,
likeable,,,,,
likely,,,,,
like-minded,,,,,
lily-livered,,,,,
limber,,,,,
limited,,,,,
limitless,,,,,
limp,,,,,
limping,,,,,
linear,,,,,
lined,,,,,
lingering,,,,,
linguistic,,,,,
liquid,,,,,
listless,,,,,
literal,,,,,
literary,,,,,
literate,,,,,
lithe,,,,,
lithographic,,,,,
litigious,,,,,
little,,,,,
livable,,,,,
live,,,,,
lively,,,,,
livid,,,,,
living,,,,,
loathsome,,,,,
local,,,,,
locatable,,,,,
locked,,,,,
lofty,,,,,
logarithmic,,,,,
logical,,,,,
logistic,,,,,
lonely,,,,,
long,,,,,
longer,,,,,
longest,,,,,
longing,,,,,
long-term,,,,,
long-winded,,,,,
loose,,,,,
lopsided,,,,,
loquacious,,,,,
lordly,,,,,
lost,,,,,
loud,,,,,
lousy,,,,,
loutish,,,,,
lovable,,,,,
loveable,,,,,
lovely,,,,,
loving,,,,,
low,,,,,
low-calorie,,,,,
low-carb,,,,,
lower,,,,,
low-fat,,,,,
lowly,,,,,
low-maintenance,,,,,
low-ranking,,,,,
low-risk,,,,,
loyal,,,,,
lucent,,,,,
lucid,,,,,
lucky,,,,,
lucrative,,,,,
ludicrous,,,,,
lukewarm,,,,,
lulling,,,,,
luminescent,,,,,
luminous,,,,,
lumpy,,,,,
lurid,,,,,
luscious,,,,,
lush,,,,,
lustrous,,,,,
luxurious,,,,,
lying,,,,,
lyrical,,,,,
macabre,,,,,
Machiavellian,,,,,
macho,,,,,
mad,,,,,
maddening,,,,,
magenta,,,,,
magic,,,,,
magical,,,,,
magnanimous,,,,,
magnetic,,,,,
magnificent,,,,,
maiden,,,,,
main,,,,,
maintainable,,,,,
majestic,,,,,
major,,,,,
makeable,,,,,
makeshift,,,,,
maladjusted,,,,,
male,,,,,
malevolent,,,,,
malicious,,,,,
malignant,,,,,
malleable,,,,,
mammoth,,,,,
manageable,,,,,
managerial,,,,,
mandatory,,,,,
maneuverable,,,,,
mangy,,,,,
maniacal,,,,,
manic,,,,,
manicured,,,,,
manipulative,,,,,
man-made,,,,,
manual,,,,,
many,,,,,
marbled,,,,,
marginal,,,,,
marked,,,,,
marketable,,,,,
married,,,,,
marvelous,,,,,
masked,,,,,
massive,,,,,
master,,,,,
masterful,,,,,
matchless,,,,,
material,,,,,
materialistic,,,,,
maternal,,,,,
mathematical,,,,,
matronly,,,,,
matted,,,,,
mature,,,,,
maximum,,,,,
meager,,,,,
mean,,,,,
meandering,,,,,
meaningful,,,,,
meaningless,,,,,
mean-spirited,,,,,
measly,,,,,
measurable,,,,,
meat-eating,,,,,
meaty,,,,,
mechanical,,,,,
medical,,,,,
medicinal,,,,,
meditative,,,,,
medium,,,,,
medium-rare,,,,,
meek,,,,,
melancholy,,,,,
mellow,,,,,
melodic,,,,,
melodious,,,,,
melodramatic,,,,,
melted,,,,,
memorable,,,,,
menacing,,,,,
menial,,,,,
mental,,,,,
merciful,,,,,
merciless,,,,,
mercurial,,,,,
mere,,,,,
merry,,,,,
messy,,,,,
metabolic,,,,,
metallic,,,,,
metaphoric,,,,,
meteoric,,,,,
meticulous,,,,,
microscopic,,,,,
microwaveable,,,,,
middle,,,,,
middle-class,,,,,
midweek,,,,,
mighty,,,,,
mild,,,,,
militant,,,,,
militaristic,,,,,
military,,,,,
milky,,,,,
mincing,,,,,
mind-bending,,,,,
mindful,,,,,
mindless,,,,,
mini,,,,,
miniature,,,,,
minimal,,,,,
minimum,,,,,
minor,,,,,
minute,,,,,
miraculous,,,,,
mirthful,,,,,
miscellaneous,,,,,
mischievous,,,,,
miscreant,,,,,
miserable,,,,,
miserly,,,,,
misguided,,,,,
misleading,,,,,
mission,,,,,
mistaken,,,,,
mistrustful,,,,,
mistrusting,,,,,
misty,,,,,
mixed,,,,,
mnemonic,,,,,
moaning,,,,,
mobile,,,,,
mocking,,,,,
moderate,,,,,
modern,,,,,
modest,,,,,
modified,,,,,
modular,,,,,
moist,,,,,
moldy,,,,,
momentary,,,,,
momentous,,,,,
monetary,,,,,
money-grubbing,,,,,
monopolistic,,,,,
monosyllabic,,,,,
monotone,,,,,
monotonous,,,,,
monstrous,,,,,
monumental,,,,,
moody,,,,,
moral,,,,,
moralistic,,,,,
morbid,,,,,
mordant,,,,,
more,,,,,
moronic,,,,,
morose,,,,,
mortal,,,,,
mortified,,,,,
most,,,,,
mother,,,,,
motherly,,,,,
motionless,,,,,
motivated,,,,,
motivating,,,,,
motivational,,,,,
motor,,,,,
mountain,,,,,
mountainous,,,,,
mournful,,,,,
mouthwatering,,,,,
movable,,,,,
moved,,,,,
moving,,,,,
much,,,,,
muddled,,,,,
muddy,,,,,
muffled,,,,,
muggy,,,,,
multicultural,,,,,
multifaceted,,,,,
multipurpose,,,,,
multitalented,,,,,
mumbled,,,,,
mundane,,,,,
municipal,,,,,
murky,,,,,
muscular,,,,,
mushy,,,,,
musical,,,,,
musky,,,,,
musty,,,,,
mutative,,,,,
mute,,,,,
muted,,,,,
mutinous,,,,,
muttering,,,,,
mutual,,,,,
my,,,,,
myopic,,,,,
mysterious,,,,,
mystic,,,,,
mystical,,,,,
mystified,,,,,
mystifying,,,,,
mythical,,,,,
naive,,,,,
nameless,,,,,
narcissistic,,,,,
narrow,,,,,
narrow-minded,,,,,
nasal,,,,,
nasty,,,,,
national,,,,,
native,,,,,
natural,,,,,
naughty,,,,,
nauseating,,,,,
nauseous,,,,,
nautical,,,,,
navigable,,,,,
navy-blue,,,,,
near,,,,,
nearby,,,,,
nearest,,,,,
nearsighted,,,,,
neat,,,,,
nebulous,,,,,
necessary,,,,,
needless,,,,,
needy,,,,,
nefarious,,,,,
negative,,,,,
neglected,,,,,
neglectful,,,,,
negligent,,,,,
negligible,,,,,
negotiable,,,,,
neighborly,,,,,
neither,,,,,
nerve-racking,,,,,
nervous,,,,,
neurological,,,,,
neurotic,,,,,
neutral,,,,,
new,,,,,
newest,,,,,
next,,,,,
next-door,,,,,
nice,,,,,
nifty,,,,,
nightmarish,,,,,
nimble,,,,,
nine,,,,,
ninth,,,,,
nippy,,,,,
no,,,,,
noble,,,,,
nocturnal,,,,,
noiseless,,,,,
noisy,,,,,
nominal,,,,,
nonabrasive,,,,,
nonaggressive,,,,,
nonchalant,,,,,
noncommittal,,,,,
noncompetitive,,,,,
nonconsecutive,,,,,
nondescript,,,,,
nondestructive,,,,,
nonexclusive,,,,,
nonnegotiable,,,,,
nonproductive,,,,,
nonrefundable,,,,,
nonrenewable,,,,,
nonresponsive,,,,,
nonrestrictive,,,,,
nonreturnable,,,,,
nonsensical,,,,,
nonspecific,,,,,
nonstop,,,,,
nontransferable,,,,,
nonverbal,,,,,
nonviolent,,,,,
normal,,,,,
north,,,,,
northeast,,,,,
northerly,,,,,
northwest,,,,,
nostalgic,,,,,
nosy,,,,,
notable,,,,,
noticeable,,,,,
notorious,,,,,
novel,,,,,
noxious,,,,,
null,,,,,
numb,,,,,
numberless,,,,,
numbing,,,,,
numerable,,,,,
numeric,,,,,
numerous,,,,,
nutritional,,,,,
nutritious,,,,,
nutty,,,,,
oafish,,,,,
obedient,,,,,
obeisant,,,,,
obese,,,,,
objectionable,,,,,
objective,,,,,
obligatory,,,,,
obliging,,,,,
oblique,,,,,
oblivious,,,,,
oblong,,,,,
obnoxious,,,,,
obscene,,,,,
obscure,,,,,
observable,,,,,
observant,,,,,
obsessive,,,,,
obsolete,,,,,
obstinate,,,,,
obstructive,,,,,
obtainable,,,,,
obtrusive,,,,,
obtuse,,,,,
obvious,,,,,
occasional,,,,,
occupational,,,,,
occupied,,,,,
oceanic,,,,,
odd,,,,,
odd-looking,,,,,
odiferous,,,,,
odious,,,,,
odorless,,,,,
odorous,,,,,
offbeat,,,,,
offensive,,,,,
offhanded,,,,,
official,,,,,
officious,,,,,
oily,,,,,
OK,,,,,
okay,,,,,
old,,,,,
older,,,,,
oldest,,,,,
old-fashioned,,,,,
ominous,,,,,
omniscient,,,,,
omnivorous,,,,,
one,,,,,
one-hour,,,,,
onerous,,,,,
one-sided,,,,,
only,,,,,
opaque,,,,,
open,,,,,
opened,,,,,
openhanded,,,,,
openhearted,,,,,
opening,,,,,
open-minded,,,,,
operable,,,,,
operatic,,,,,
operational,,,,,
operative,,,,,
opinionated,,,,,
opportune,,,,,
opportunistic,,,,,
opposable,,,,,
opposed,,,,,
opposing,,,,,
opposite,,,,,
oppressive,,,,,
optimal,,,,,
optimistic,,,,,
optional,,,,,
opulent,,,,,
oral,,,,,
orange,,,,,
ordinary,,,,,
organic,,,,,
organizational,,,,,
original,,,,,
ornamental,,,,,
ornate,,,,,
ornery,,,,,
orphaned,,,,,
orthopedic,,,,,
ossified,,,,,
ostentatious,,,,,
other,,,,,
otherwise,,,,,
our,,,,,
outer,,,,,
outermost,,,,,
outgoing,,,,,
outlandish,,,,,
outraged,,,,,
outrageous,,,,,
outside,,,,,
outspoken,,,,,
outstanding,,,,,
outward,,,,,
oval,,,,,
overactive,,,,,
overaggressive,,,,,
overall,,,,,
overambitious,,,,,
overassertive,,,,,
overbearing,,,,,
overcast,,,,,
overcautious,,,,,
overconfident,,,,,
overcritical,,,,,
overcrowded,,,,,
overemotional,,,,,
overenthusiastic,,,,,
overjoyed,,,,,
overoptimistic,,,,,
overpowering,,,,,
overpriced,,,,,
overprotective,,,,,
overqualified,,,,,
overrated,,,,,
oversensitive,,,,,
oversized,,,,,
overt,,,,,
overwhelmed,,,,,
overwhelming,,,,,
overworked,,,,,
overwrought,,,,,
overzealous,,,,,
own,,,,,
oxymoronic,,,,,
padded,,,,,
painful,,,,,
painless,,,,,
painstaking,,,,,
palatable,,,,,
palatial,,,,,
pale,,,,,
pallid,,,,,
palpable,,,,,
paltry,,,,,
pampered,,,,,
panicky,,,,,
panoramic,,,,,
paradoxical,,,,,
parallel,,,,,
paranormal,,,,,
parasitic,,,,,
parched,,,,,
pardonable,,,,,
parental,,,,,
parenthetic,,,,,
parking,,,,,
parsimonious,,,,,
partial,,,,,
particular,,,,,
partisan,,,,,
part-time,,,,,
party,,,,,
passing,,,,,
passionate,,,,,
passive,,,,,
past,,,,,
pastoral,,,,,
patched,,,,,
patchy,,,,,
patented,,,,,
paternal,,,,,
paternalistic,,,,,
pathetic,,,,,
pathological,,,,,
patient,,,,,
patriotic,,,,,
patronizing,,,,,
patterned,,,,,
payable,,,,,
peaceable,,,,,
peaceful,,,,,
peculiar,,,,,
pedantic,,,,,
pedestrian,,,,,
peerless,,,,,
peeved,,,,,
peevish,,,,,
penetrable,,,,,
penetrating,,,,,
pensive,,,,,
peppery,,,,,
perceivable,,,,,
perceptible,,,,,
perceptive,,,,,
perceptual,,,,,
peremptory,,,,,
perennial,,,,,
perfect,,,,,
perfumed,,,,,
perilous,,,,,
period,,,,,
periodic,,,,,
peripheral,,,,,
perishable,,,,,
perky,,,,,
permanent,,,,,
permeable,,,,,
permissible,,,,,
permissive,,,,,
pernicious,,,,,
perpendicular,,,,,
perpetual,,,,,
perplexed,,,,,
perplexing,,,,,
persevering,,,,,
persistent,,,,,
personable,,,,,
personal,,,,,
persuasive,,,,,
pert,,,,,
pertinent,,,,,
perturbed,,,,,
perturbing,,,,,
pervasive,,,,,
perverse,,,,,
pessimistic,,,,,
petite,,,,,
pettish,,,,,
petty,,,,,
petulant,,,,,
pharmaceutical,,,,,
phenomenal,,,,,
philanthropic,,,,,
philosophical,,,,,
phobic,,,,,
phonemic,,,,,
phonetic,,,,,
phosphorescent,,,,,
photographic,,,,,
physical,,,,,
physiological,,,,,
picturesque,,,,,
piercing,,,,,
pigheaded,,,,,
pink,,,,,
pious,,,,,
piquant,,,,,
pitch-dark,,,,,
pitch-perfect,,,,,
piteous,,,,,
pithy,,,,,
pitiful,,,,,
pitiless,,,,,
pivotal,,,,,
placid,,,,,
plaid,,,,,
plain,,,,,
plane,,,,,
planned,,,,,
plastic,,,,,
platonic,,,,,
plausible,,,,,
playful,,,,,
pleading,,,,,
pleasant,,,,,
pleased,,,,,
pleasing,,,,,
pleasurable,,,,,
plentiful,,,,,
pliable,,,,,
plodding,,,,,
plopping,,,,,
plucky,,,,,
plump,,,,,
pluralistic,,,,,
plus,,,,,
plush,,,,,
pneumatic,,,,,
poetic,,,,,
poignant,,,,,
pointless,,,,,
poised,,,,,
poisonous,,,,,
polished,,,,,
polite,,,,,
political,,,,,
polka-dotted,,,,,
polluted,,,,,
polyunsaturated,,,,,
pompous,,,,,
ponderous,,,,,
poor,,,,,
poorer,,,,,
poorest,,,,,
popping,,,,,
popular,,,,,
populous,,,,,
porous,,,,,
portable,,,,,
portly,,,,,
positive,,,,,
possessive,,,,,
possible,,,,,
post,,,,,
posthumous,,,,,
postoperative,,,,,
potable,,,,,
potent,,,,,
potential,,,,,
powdery,,,,,
powerful,,,,,
powerless,,,,,
practical,,,,,
pragmatic,,,,,
praiseworthy,,,,,
precarious,,,,,
precious,,,,,
precipitous,,,,,
precise,,,,,
precocious,,,,,
preconceived,,,,,
predicative,,,,,
predictable,,,,,
predisposed,,,,,
predominant,,,,,
preeminent,,,,,
preemptive,,,,,
prefabricated,,,,,
preferable,,,,,
preferential,,,,,
pregnant,,,,,
prehistoric,,,,,
prejudiced,,,,,
prejudicial,,,,,
preliminary,,,,,
premature,,,,,
premeditated,,,,,
premium,,,,,
prenatal,,,,,
preoccupied,,,,,
preoperative,,,,,
preparative,,,,,
prepared,,,,,
preposterous,,,,,
prescriptive,,,,,
present,,,,,
presentable,,,,,
presidential,,,,,
pressing,,,,,
pressurized,,,,,
prestigious,,,,,
presumable,,,,,
presumptive,,,,,
presumptuous,,,,,
pretend,,,,,
pretentious,,,,,
pretty,,,,,
prevalent,,,,,
preventable,,,,,
preventative,,,,,
preventive,,,,,
previous,,,,,
priceless,,,,,
pricey,,,,,
prickly,,,,,
prim,,,,,
primary,,,,,
primitive,,,,,
primordial,,,,,
princely,,,,,
principal,,,,,
principled,,,,,
prior,,,,,
prissy,,,,,
pristine,,,,,
private,,,,,
prize,,,,,
prized,,,,,
proactive,,,,,
probabilistic,,,,,
probable,,,,,
problematic,,,,,
procedural,,,,,
prodigious,,,,,
productive,,,,,
profane,,,,,
professed,,,,,
professional,,,,,
professorial,,,,,
proficient,,,,,
profitable,,,,,
profound,,,,,
profuse,,,,,
programmable,,,,,
progressive,,,,,
prohibitive,,,,,
prolific,,,,,
prominent,,,,,
promised,,,,,
promising,,,,,
prompt,,,,,
pronounceable,,,,,
pronounced,,,,,
proof,,,,,
proper,,,,,
prophetic,,,,,
proportional,,,,,
proportionate,,,,,
proportioned,,,,,
prospective,,,,,
prosperous,,,,,
protective,,,,,
prototypical,,,,,
proud,,,,,
proverbial,,,,,
provisional,,,,,
provocative,,,,,
provoking,,,,,
proximal,,,,,
proximate,,,,,
prudent,,,,,
prudential,,,,,
prying,,,,,
psychedelic,,,,,
psychiatric,,,,,
psychological,,,,,
psychosomatic,,,,,
psychotic,,,,,
public,,,,,
puckish,,,,,
puffy,,,,,
pugnacious,,,,,
pumped,,,,,
punctual,,,,,
pungent,,,,,
punishable,,,,,
punitive,,,,,
puny,,,,,
pure,,,,,
purified,,,,,
puritanical,,,,,
purple,,,,,
purported,,,,,
purposeful,,,,,
purposeless,,,,,
purring,,,,,
pushy,,,,,
pusillanimous,,,,,
putrid,,,,,
puzzled,,,,,
puzzling,,,,,
pyrotechnic,,,,,
quackish,,,,,
quacky,,,,,
quaint,,,,,
qualified,,,,,
qualitative,,,,,
quality,,,,,
quantifiable,,,,,
quantitative,,,,,
quarrelsome,,,,,
queasy,,,,,
queenly,,,,,
querulous,,,,,
questionable,,,,,
quick,,,,,
quick-acting,,,,,
quick-drying,,,,,
quickest,,,,,
quick-minded,,,,,
quick-paced,,,,,
quick-tempered,,,,,
quick-thinking,,,,,
quick-witted,,,,,
quiet,,,,,
quintessential,,,,,
quirky,,,,,
quivering,,,,,
quizzical,,,,,
quotable,,,,,
rabid,,,,,
racial,,,,,
racist,,,,,
radiant,,,,,
radical,,,,,
radioactive,,,,,
ragged,,,,,
raging,,,,,
rainbow,,,,,
rainy,,,,,
rakish,,,,,
rambling,,,,,
rambunctious,,,,,
rampageous,,,,,
rampant,,,,,
rancid,,,,,
rancorous,,,,,
random,,,,,
rank,,,,,
rapid,,,,,
rapid-fire,,,,,
rapturous,,,,,
rare,,,,,
rascally,,,,,
rash,,,,,
rasping,,,,,
raspy,,,,,
rational,,,,,
ratty,,,,,
ravenous,,,,,
raving,,,,,
ravishing,,,,,
raw,,,,,
razor-edged,,,,,
reactive,,,,,
ready,,,,,
real,,,,,
realistic,,,,,
reasonable,,,,,
reassured,,,,,
reassuring,,,,,
rebel,,,,,
rebellious,,,,,
receding,,,,,
recent,,,,,
receptive,,,,,
recessive,,,,,
rechargeable,,,,,
reciprocal,,,,,
reckless,,,,,
reclusive,,,,,
recognizable,,,,,
recognized,,,,,
rectangular,,,,,
rectifiable,,,,,
recurrent,,,,,
recyclable,,,,,
red,,,,,
red-blooded,,,,,
reddish,,,,,
redeemable,,,,,
redolent,,,,,
redundant,,,,,
referential,,,,,
refillable,,,,,
reflective,,,,,
refractive,,,,,
refreshing,,,,,
refundable,,,,,
refurbished,,,,,
refutable,,,,,
regal,,,,,
regional,,,,,
regretful,,,,,
regrettable,,,,,
regular,,,,,
reigning,,,,,
relatable,,,,,
relative,,,,,
relaxed,,,,,
relaxing,,,,,
relentless,,,,,
relevant,,,,,
reliable,,,,,
relieved,,,,,
religious,,,,,
reluctant,,,,,
remaining,,,,,
remarkable,,,,,
remedial,,,,,
reminiscent,,,,,
remorseful,,,,,
remorseless,,,,,
remote,,,,,
removable,,,,,
renegotiable,,,,,
renewable,,,,,
rented,,,,,
repairable,,,,,
repaired,,,,,
repeatable,,,,,
repeated,,,,,
repentant,,,,,
repetitious,,,,,
repetitive,,,,,
replaceable,,,,,
replicable,,,,,
reported,,,,,
reprehensible,,,,,
representative,,,,,
repressive,,,,,
reproachful,,,,,
reproductive,,,,,
republican,,,,,
repugnant,,,,,
repulsive,,,,,
reputable,,,,,
reputed,,,,,
rescued,,,,,
resealable,,,,,
resentful,,,,,
reserved,,,,,
resident,,,,,
residential,,,,,
residual,,,,,
resilient,,,,,
resolute,,,,,
resolvable,,,,,
resonant,,,,,
resounding,,,,,
resourceful,,,,,
respectable,,,,,
respectful,,,,,
respective,,,,,
responsible,,,,,
responsive,,,,,
rested,,,,,
restful,,,,,
restless,,,,,
restored,,,,,
restrained,,,,,
restrictive,,,,,
retired,,,,,
retroactive,,,,,
retrogressive,,,,,
retrospective,,,,,
reusable,,,,,
revamped,,,,,
revealing,,,,,
revengeful,,,,,
reverent,,,,,
reverential,,,,,
reverse,,,,,
reversible,,,,,
reviewable,,,,,
reviled,,,,,
revisable,,,,,
revised,,,,,
revocable,,,,,
revolting,,,,,
revolutionary,,,,,
rewarding,,,,,
rhetorical,,,,,
rhythmic,,,,,
rich,,,,,
richer,,,,,
richest,,,,,
ridiculing,,,,,
ridiculous,,,,,
right,,,,,
righteous,,,,,
rightful,,,,,
right-handed,,,,,
rigid,,,,,
rigorous,,,,,
ringing,,,,,
riotous,,,,,
ripe,,,,,
rippling,,,,,
risky,,,,,
ritualistic,,,,,
ritzy,,,,,
riveting,,,,,
roaring,,,,,
roasted,,,,,
robotic,,,,,
robust,,,,,
rocketing,,,,,
roguish,,,,,
romantic,,,,,
roomy,,,,,
rosy,,,,,
rotating,,,,,
rotten,,,,,
rotting,,,,,
rotund,,,,,
rough,,,,,
round,,,,,
roundtable,,,,,
rousing,,,,,
routine,,,,,
rowdy,,,,,
royal,,,,,
ruddy,,,,,
rude,,,,,
rudimentary,,,,,
rueful,,,,,
rugged,,,,,
ruined,,,,,
ruinous,,,,,
rumbling,,,,,
rumpled,,,,,
ruptured,,,,,
rural,,,,,
rusted,,,,,
rustic,,,,,
rustling,,,,,
rusty,,,,,
ruthless,,,,,
rutted,,,,,
saccharin,,,,,
sacred,,,,,
sacrificial,,,,,
sacrilegious,,,,,
sad,,,,,
saddened,,,,,
safe,,,,,
saintly,,,,,
salacious,,,,,
salient,,,,,
salt,,,,,
salted,,,,,
salty,,,,,
salvageable,,,,,
salvaged,,,,,
same,,,,,
sanctimonious,,,,,
sandy,,,,,
sane,,,,,
sanguine,,,,,
sanitary,,,,,
sappy,,,,,
sarcastic,,,,,
sardonic,,,,,
sassy,,,,,
satin,,,,,
satiny,,,,,
satiric,,,,,
satirical,,,,,
satisfactory,,,,,
satisfied,,,,,
satisfying,,,,,
saucy,,,,,
savage,,,,,
savory,,,,,
savvy,,,,,
scalding,,,,,
scaly,,,,,
scandalous,,,,,
scant,,,,,
scanty,,,,,
scarce,,,,,
scared,,,,,
scarred,,,,,
scary,,,,,
scathing,,,,,
scattered,,,,,
scenic,,,,,
scented,,,,,
scheduled,,,,,
schematic,,,,,
scholarly,,,,,
scholastic,,,,,
scientific,,,,,
scintillating,,,,,
scorching,,,,,
scornful,,,,,
scrabbled,,,,,
scraggly,,,,,
scrappy,,,,,
scratched,,,,,
scratchy,,,,,
scrawny,,,,,
screaming,,,,,
screeching,,,,,
scribbled,,,,,
scriptural,,,,,
scruffy,,,,,
scrumptious,,,,,
scrupulous,,,,,
sculpted,,,,,
sculptural,,,,,
scummy,,,,,
sea,,,,,
sealed,,,,,
seamless,,,,,
searching,,,,,
searing,,,,,
seasick,,,,,
seasonable,,,,,
seasonal,,,,,
secluded,,,,,
second,,,,,
secondary,,,,,
second-hand,,,,,
secret,,,,,
secretive,,,,,
secular,,,,,
secure,,,,,
secured,,,,,
sedate,,,,,
seditious,,,,,
seductive,,,,,
seedy,,,,,
seeming,,,,,
seemly,,,,,
seething,,,,,
seismic,,,,,
select,,,,,
selected,,,,,
selective,,,,,
self-absorbed,,,,,
self-aggrandizing,,,,,
self-assured,,,,,
self-centered,,,,,
self-confident,,,,,
self-directed,,,,,
self-disciplined,,,,,
self-effacing,,,,,
self-indulgent,,,,,
self-interested,,,,,
selfish,,,,,
selfless,,,,,
self-reliant,,,,,
self-respect,,,,,
self-satisfied,,,,,
sellable,,,,,
semiconscious,,,,,
semiofficial,,,,,
semiprecious,,,,,
semiprofessional,,,,,
senior,,,,,
sensational,,,,,
senseless,,,,,
sensible,,,,,
sensitive,,,,,
sensual,,,,,
sensuous,,,,,
sentimental,,,,,
separate,,,,,
sequential,,,,,
serendipitous,,,,,
serene,,,,,
serial,,,,,
serious,,,,,
serrated,,,,,
serviceable,,,,,
seven,,,,,
seventh,,,,,
several,,,,,
severe,,,,,
shabbiest,,,,,
shabby,,,,,
shaded,,,,,
shadowed,,,,,
shadowy,,,,,
shady,,,,,
shaggy,,,,,
shaky,,,,,
shallow,,,,,
shamefaced,,,,,
shameful,,,,,
shameless,,,,,
shapeless,,,,,
shapely,,,,,
sharp,,,,,
sharpened,,,,,
shattered,,,,,
shattering,,,,,
sheepish,,,,,
sheer,,,,,
sheltered,,,,,
shifty,,,,,
shimmering,,,,,
shining,,,,,
shiny,,,,,
shivering,,,,,
shivery,,,,,
shocked,,,,,
shocking,,,,,
shoddy,,,,,
short,,,,,
short-lived,,,,,
shortsighted,,,,,
short-tempered,,,,,
short-term,,,,,
showy,,,,,
shrewd,,,,,
shrieking,,,,,
shrill,,,,,
shut,,,,,
shy,,,,,
sick,,,,,
sickened,,,,,
sickening,,,,,
sickly,,,,,
side-splitting,,,,,
signed,,,,,
significant,,,,,
silent,,,,,
silky,,,,,
silly,,,,,
silver,,,,,
silver-tongued,,,,,
simian,,,,,
similar,,,,,
simple,,,,,
simpleminded,,,,,
simplified,,,,,
simplistic,,,,,
simultaneous,,,,,
sincere,,,,,
sinful,,,,,
single,,,,,
single-minded,,,,,
singular,,,,,
sinister,,,,,
sinuous,,,,,
sisterly,,,,,
six,,,,,
sixth,,,,,
sizable,,,,,
sizzling,,,,,
skeptical,,,,,
sketchy,,,,,
skilled,,,,,
skillful,,,,,
skimpy,,,,,
skin-deep,,,,,
skinny,,,,,
skittish,,,,,
sky-blue,,,,,
slanderous,,,,,
slanted,,,,,
slanting,,,,,
sleek,,,,,
sleeping,,,,,
sleepless,,,,,
sleepy,,,,,
slender,,,,,
slick,,,,,
slight,,,,,
slim,,,,,
slimy,,,,,
slippery,,,,,
sloped,,,,,
sloping,,,,,
sloppy,,,,,
slothful,,,,,
slow,,,,,
slow-moving,,,,,
sluggish,,,,,
slushy,,,,,
sly,,,,,
small,,,,,
smaller,,,,,
smallest,,,,,
small-minded,,,,,
small-scale,,,,,
small-time,,,,,
small-town,,,,,
smarmy,,,,,
smart,,,,,
smarter,,,,,
smartest,,,,,
smashing,,,,,
smeared,,,,,
smelly,,,,,
smiling,,,,,
smoggy,,,,,
smoked,,,,,
smoky,,,,,
smooth,,,,,
smothering,,,,,
smudged,,,,,
smug,,,,,
snapping,,,,,
snappish,,,,,
snappy,,,,,
snarling,,,,,
sneaky,,,,,
snide,,,,,
snippy,,,,,
snobbish,,,,,
snoopy,,,,,
snooty,,,,,
snoring,,,,,
snotty,,,,,
snow-white,,,,,
snug,,,,,
snuggly,,,,,
soaked,,,,,
soaking,,,,,
soaking wet,,,,,
soaring,,,,,
sober,,,,,
sociable,,,,,
social,,,,,
socialist,,,,,
sociological,,,,,
soft,,,,,
softhearted,,,,,
soggy,,,,,
solar,,,,,
soldierly,,,,,
sole,,,,,
solemn,,,,,
solicitous,,,,,
solid,,,,,
solitary,,,,,
somatic,,,,,
somber,,,,,
some,,,,,
sonic,,,,,
sonly,,,,,
soothed,,,,,
soothing,,,,,
sophisticated,,,,,
sordid,,,,,
sore,,,,,
sorrowful,,,,,
sorry,,,,,
soulful,,,,,
soulless,,,,,
soundless,,,,,
sour,,,,,
south,,,,,
southeasterly,,,,,
southern,,,,,
southwestern,,,,,
spacious,,,,,
spare,,,,,
sparing,,,,,
sparkling,,,,,
sparkly,,,,,
sparse,,,,,
spasmodic,,,,,
spastic,,,,,
spatial,,,,,
spattered,,,,,
special,,,,,
specialist,,,,,
specialized,,,,,
specific,,,,,
speckled,,,,,
spectacular,,,,,
spectral,,,,,
speculative,,,,,
speechless,,,,,
speedy,,,,,
spellbinding,,,,,
spendthrift,,,,,
spherical,,,,,
spicy,,,,,
spiffy,,,,,
spiky,,,,,
spinal,,,,,
spineless,,,,,
spiral,,,,,
spiraled,,,,,
spirited,,,,,
spiritless,,,,,
spiritual,,,,,
spiteful,,,,,
splashing,,,,,
splashy,,,,,
splattered,,,,,
splendid,,,,,
splintered,,,,,
spoiled,,,,,
spoken,,,,,
spongy,,,,,
spontaneous,,,,,
spooky,,,,,
sporadic,,,,,
sporting,,,,,
sportsmanly,,,,,
spotless,,,,,
spotted,,,,,
spotty,,,,,
springy,,,,,
sprite,,,,,
spry,,,,,
spurious,,,,,
squalid,,,,,
squandered,,,,,
square,,,,,
squashed,,,,,
squashy,,,,,
squatting,,,,,
squawking,,,,,
squealing,,,,,
squeamish,,,,,
squeezable,,,,,
squiggly,,,,,
squirming,,,,,
squirrelly,,,,,
stable,,,,,
stackable,,,,,
stacked,,,,,
staggering,,,,,
stagnant,,,,,
stained,,,,,
stale,,,,,
stanch,,,,,
standard,,,,,
standing,,,,,
standoffish,,,,,
starched,,,,,
star-crossed,,,,,
stark,,,,,
startled,,,,,
startling,,,,,
starving,,,,,
stately,,,,,
static,,,,,
statistical,,,,,
statuesque,,,,,
status,,,,,
statutory,,,,,
staunch,,,,,
steadfast,,,,,
steady,,,,,
stealth,,,,,
steaming,,,,,
steamy,,,,,
steel,,,,,
steely,,,,,
steep,,,,,
stereophonic,,,,,
stereotyped,,,,,
stereotypical,,,,,
sterile,,,,,
stern,,,,,
sticky,,,,,
stiff,,,,,
stifled,,,,,
stifling,,,,,
stigmatic,,,,,
still,,,,,
stilled,,,,,
stilted,,,,,
stimulating,,,,,
stinging,,,,,
stingy,,,,,
stinking,,,,,
stinky,,,,,
stirring,,,,,
stock,,,,,
stodgy,,,,,
stoic,,,,,
stony,,,,,
stormy,,,,,
stout,,,,,
straggly,,,,,
straight,,,,,
straightforward,,,,,
stranded,,,,,
strange,,,,,
strategic,,,,,
streaked,,,,,
street,,,,,
strenuous,,,,,
stressful,,,,,
stretchy,,,,,
strict,,,,,
strident,,,,,
striking,,,,,
stringent,,,,,
striped,,,,,
strong,,,,,
stronger,,,,,
strongest,,,,,
structural,,,,,
stubborn,,,,,
stubby,,,,,
stuck-up,,,,,
studied,,,,,
studious,,,,,
stuffed,,,,,
stuffy,,,,,
stumbling,,,,,
stunned,,,,,
stunning,,,,,
stupendous,,,,,
sturdy,,,,,
stuttering,,,,,
stylish,,,,,
stylistic,,,,,
suave,,,,,
subconscious,,,,,
subdued,,,,,
subject,,,,,
subjective,,,,,
sublime,,,,,
subliminal,,,,,
submissive,,,,,
subordinate,,,,,
subsequent,,,,,
subservient,,,,,
substantial,,,,,
substantiated,,,,,
substitute,,,,,
subterranean,,,,,
subtitled,,,,,
subtle,,,,,
subversive,,,,,
successful,,,,,
successive,,,,,
succinct,,,,,
succulent,,,,,
such,,,,,
sudden,,,,,
suffering,,,,,
sufficient,,,,,
sugary,,,,,
suggestive,,,,,
suitable,,,,,
sulky,,,,,
sullen,,,,,
sumptuous,,,,,
sunny,,,,,
super,,,,,
superabundant,,,,,
superb,,,,,
supercilious,,,,,
superficial,,,,,
superhuman,,,,,
superior,,,,,
superlative,,,,,
supernatural,,,,,
supersensitive,,,,,
supersonic,,,,,
superstitious,,,,,
supple,,,,,
supportive,,,,,
supposed,,,,,
suppressive,,,,,
supreme,,,,,
sure,,,,,
sure-footed,,,,,
surgical,,,,,
surly,,,,,
surmountable,,,,,
surprised,,,,,
surprising,,,,,
surrealistic,,,,,
survivable,,,,,
susceptible,,,,,
suspected,,,,,
suspicious,,,,,
sustainable,,,,,
swaggering,,,,,
swanky,,,,,
swaying,,,,,
sweaty,,,,,
sweeping,,,,,
sweet,,,,,
sweltering,,,,,
swift,,,,,
swimming,,,,,
swinish,,,,,
swishing,,,,,
swollen,,,,,
swooping,,,,,
syllabic,,,,,
syllogistic,,,,,
symbiotic,,,,,
symbolic,,,,,
symmetrical,,,,,
sympathetic,,,,,
symptomatic,,,,,
synergistic,,,,,
synonymous,,,,,
syntactic,,,,,
synthetic,,,,,
systematic,,,,,
taboo,,,,,
tacit,,,,,
tacky,,,,,
tactful,,,,,
tactical,,,,,
tactless,,,,,
tactual,,,,,
tainted,,,,,
take-charge,,,,,
talented,,,,,
talkative,,,,,
tall,,,,,
taller,,,,,
tallest,,,,,
tame,,,,,
tamed,,,,,
tan,,,,,
tangential,,,,,
tangible,,,,,
tangled,,,,,
tangy,,,,,
tanned,,,,,
tantalizing,,,,,
tapered,,,,,
tardy,,,,,
targeted,,,,,
tarnished,,,,,
tart,,,,,
tasteful,,,,,
tasteless,,,,,
tasty,,,,,
tattered,,,,,
taunting,,,,,
taut,,,,,
taxing,,,,,
teachable,,,,,
tearful,,,,,
tearing,,,,,
teasing,,,,,
technical,,,,,
technological,,,,,
tectonic,,,,,
tedious,,,,,
teenage,,,,,
teensy,,,,,
teeny,,,,,
teeny-tiny,,,,,
telegraphic,,,,,
telekinetic,,,,,
telepathic,,,,,
telephonic,,,,,
telescopic,,,,,
telling,,,,,
temperamental,,,,,
temperate,,,,,
tempestuous,,,,,
temporary,,,,,
tempted,,,,,
tempting,,,,,
ten,,,,,
tenable,,,,,
tenacious,,,,,
tender,,,,,
tenderhearted,,,,,
ten-minute,,,,,
tense,,,,,
tentative,,,,,
tenth,,,,,
tenuous,,,,,
tepid,,,,,
terminal,,,,,
terrestrial,,,,,
terrible,,,,,
terrific,,,,,
terrified,,,,,
terrifying,,,,,
territorial,,,,,
terse,,,,,
tested,,,,,
testy,,,,,
tetchy,,,,,
textual,,,,,
textural,,,,,
thankful,,,,,
thankless,,,,,
that,,,,,
the,,,,,
theatrical,,,,,
their,,,,,
thematic,,,,,
theological,,,,,
theoretical,,,,,
therapeutic,,,,,
thermal,,,,,
these,,,,,
thick,,,,,
thievish,,,,,
thin,,,,,
thinkable,,,,,
third,,,,,
thirsty,,,,,
this,,,,,
thorny,,,,,
thorough,,,,,
those,,,,,
thoughtful,,,,,
thoughtless,,,,,
thrashed,,,,,
threatened,,,,,
threatening,,,,,
three,,,,,
thriftless,,,,,
thrifty,,,,,
thrilled,,,,,
thrilling,,,,,
throbbing,,,,,
thumping,,,,,
thundering,,,,,
thunderous,,,,,
ticking,,,,,
tickling,,,,,
ticklish,,,,,
tidal,,,,,
tidy,,,,,
tight,,,,,
tightfisted,,,,,
time,,,,,
timeless,,,,,
timely,,,,,
timid,,,,,
timorous,,,,,
tiny,,,,,
tipsy,,,,,
tired,,,,,
tireless,,,,,
tiresome,,,,,
tiring,,,,,
tolerable,,,,,
tolerant,,,,,
tonal,,,,,
tone-deaf,,,,,
toneless,,,,,
toothsome,,,,,
toothy,,,,,
top,,,,,
topical,,,,,
topographical,,,,,
tormented,,,,,
torpid,,,,,
torrential,,,,,
torrid,,,,,
torturous,,,,,
total,,,,,
touched,,,,,
touching,,,,,
touchy,,,,,
tough,,,,,
towering,,,,,
toxic,,,,,
traditional,,,,,
tragic,,,,,
trainable,,,,,
trained,,,,,
training,,,,,
traitorous,,,,,
tranquil,,,,,
transcendent,,,,,
transcendental,,,,,
transformational,,,,,
transformative,,,,,
transformed,,,,,
transient,,,,,
transitional,,,,,
transitory,,,,,
translucent,,,,,
transparent,,,,,
transplanted,,,,,
trapped,,,,,
trashed,,,,,
trashy,,,,,
traumatic,,,,,
treacherous,,,,,
treasonable,,,,,
treasonous,,,,,
treasured,,,,,
treatable,,,,,
tremendous,,,,,
tremulous,,,,,
trenchant,,,,,
trendy,,,,,
triangular,,,,,
tribal,,,,,
trick,,,,,
tricky,,,,,
trim,,,,,
tripping,,,,,
trite,,,,,
triumphant,,,,,
trivial,,,,,
tropical,,,,,
troubled,,,,,
troublesome,,,,,
troubling,,,,,
truculent,,,,,
TRUE,,,,,
trusted,,,,,
trustful,,,,,
trusting,,,,,
trustworthy,,,,,
trusty,,,,,
truthful,,,,,
trying,,,,,
tumultuous,,,,,
tuneful,,,,,
tuneless,,,,,
turbulent,,,,,
twinkling,,,,,
twinkly,,,,,
twisted,,,,,
twitchy,,,,,
two,,,,,
typical,,,,,
tyrannical,,,,,
tyrannous,,,,,
ubiquitous,,,,,
ugly,,,,,
ultimate,,,,,
ultraconservative,,,,,
ultrasensitive,,,,,
ultrasonic,,,,,
ultraviolet,,,,,
unabashed,,,,,
unabated,,,,,
unable,,,,,
unacceptable,,,,,
unaccompanied,,,,,
unaccountable,,,,,
unaccustomed,,,,,
unacknowledged,,,,,
unadorned,,,,,
unadulterated,,,,,
unadventurous,,,,,
unadvised,,,,,
unaffected,,,,,
unaffordable,,,,,
unafraid,,,,,
unaggressive,,,,,
unaided,,,,,
unalienable,,,,,
unalterable,,,,,
unaltered,,,,,
unambiguous,,,,,
unanimous,,,,,
unannounced,,,,,
unanswerable,,,,,
unanticipated,,,,,
unapologetic,,,,,
unappealing,,,,,
unappetizing,,,,,
unappreciative,,,,,
unapproachable,,,,,
unashamed,,,,,
unassailable,,,,,
unassertive,,,,,
unassisted,,,,,
unattached,,,,,
unattainable,,,,,
unattractive,,,,,
unauthorized,,,,,
unavailable,,,,,
unavailing,,,,,
unavoidable,,,,,
unbalanced,,,,,
unbearable,,,,,
unbeatable,,,,,
unbeaten,,,,,
unbecoming,,,,,
unbelievable,,,,,
unbelieving,,,,,
unbendable,,,,,
unbending,,,,,
unbiased,,,,,
unblemished,,,,,
unblinking,,,,,
unblushing,,,,,
unbounded,,,,,
unbreakable,,,,,
unbridled,,,,,
uncanny,,,,,
uncaring,,,,,
unceasing,,,,,
unceremonious,,,,,
uncertain,,,,,
unchangeable,,,,,
unchanging,,,,,
uncharacteristic,,,,,
uncharitable,,,,,
uncharted,,,,,
uncivil,,,,,
uncivilized,,,,,
unclassified,,,,,
unclean,,,,,
uncluttered,,,,,
uncomely,,,,,
uncomfortable,,,,,
uncommitted,,,,,
uncommon,,,,,
uncommunicative,,,,,
uncomplaining,,,,,
uncomprehending,,,,,
uncompromising,,,,,
unconcerned,,,,,
unconditional,,,,,
unconfirmed,,,,,
unconquerable,,,,,
unconscionable,,,,,
unconscious,,,,,
unconstitutional,,,,,
unconstrained,,,,,
unconstructive,,,,,
uncontainable,,,,,
uncontrollable,,,,,
unconventional,,,,,
unconvinced,,,,,
unconvincing,,,,,
uncooked,,,,,
uncooperative,,,,,
uncoordinated,,,,,
uncouth,,,,,
uncovered,,,,,
uncreative,,,,,
uncritical,,,,,
undamaged,,,,,
undated,,,,,
undaunted,,,,,
undeclared,,,,,
undefeated,,,,,
undefined,,,,,
undemocratic,,,,,
undeniable,,,,,
undependable,,,,,
underdeveloped,,,,,
underfunded,,,,,
underhanded,,,,,
underprivileged,,,,,
understandable,,,,,
understanding,,,,,
understated,,,,,
understood,,,,,
undeserved,,,,,
undesirable,,,,,
undetected,,,,,
undeterred,,,,,
undeveloped,,,,,
undeviating,,,,,
undifferentiated,,,,,
undignified,,,,,
undiminished,,,,,
undiplomatic,,,,,
undisciplined,,,,,
undiscovered,,,,,
undisguised,,,,,
undisputed,,,,,
undistinguished,,,,,
undivided,,,,,
undoubted,,,,,
unearthly,,,,,
uneasy,,,,,
uneducated,,,,,
unemotional,,,,,
unemployed,,,,,
unencumbered,,,,,
unending,,,,,
unendurable,,,,,
unenforceable,,,,,
unenthusiastic,,,,,
unenviable,,,,,
unequal,,,,,
unequaled,,,,,
unequivocal,,,,,
unerring,,,,,
uneven,,,,,
uneventful,,,,,
unexceptional,,,,,
unexcited,,,,,
unexpected,,,,,
unexplainable,,,,,
unexplored,,,,,
unexpressive,,,,,
unfailing,,,,,
unfair,,,,,
unfaithful,,,,,
unfaltering,,,,,
unfamiliar,,,,,
unfashionable,,,,,
unfathomable,,,,,
unfavorable,,,,,
unfeeling,,,,,
unfettered,,,,,
unfilled,,,,,
unflagging,,,,,
unflappable,,,,,
unflattering,,,,,
unflinching,,,,,
unfocused,,,,,
unforeseeable,,,,,
unforgettable,,,,,
unforgivable,,,,,
unforgiving,,,,,
unfortunate,,,,,
unfriendly,,,,,
unfulfilled,,,,,
ungallant,,,,,
ungenerous,,,,,
ungentlemanly,,,,,
unglamorous,,,,,
ungraceful,,,,,
ungracious,,,,,
ungrateful,,,,,
unguarded,,,,,
unhandsome,,,,,
unhappy,,,,,
unharmed,,,,,
unhealthy,,,,,
unheated,,,,,
unheeded,,,,,
unhelpful,,,,,
unhesitating,,,,,
unhurried,,,,,
uniform,,,,,
unilateral,,,,,
unimaginable,,,,,
unimaginative,,,,,
unimpeachable,,,,,
unimpeded,,,,,
unimpressive,,,,,
unincorporated,,,,,
uninformed,,,,,
uninhabitable,,,,,
uninhibited,,,,,
uninitiated,,,,,
uninjured,,,,,
uninspired,,,,,
uninsurable,,,,,
unintelligent,,,,,
unintelligible,,,,,
unintended,,,,,
unintentional,,,,,
uninterested,,,,,
uninterrupted,,,,,
uninvited,,,,,
unique,,,,,
united,,,,,
universal,,,,,
unjust,,,,,
unjustifiable,,,,,
unkempt,,,,,
unkind,,,,,
unknowing,,,,,
unknown,,,,,
unlawful,,,,,
unlicensed,,,,,
unlikable,,,,,
unlikely,,,,,
unlivable,,,,,
unloved,,,,,
unlucky,,,,,
unmanageable,,,,,
unmanly,,,,,
unmanned,,,,,
unmarketable,,,,,
unmasked,,,,,
unmatched,,,,,
unmemorable,,,,,
unmentionable,,,,,
unmerciful,,,,,
unmistakable,,,,,
unmitigated,,,,,
unmodified,,,,,
unmotivated,,,,,
unnatural,,,,,
unnecessary,,,,,
unnerved,,,,,
unnerving,,,,,
unnoticeable,,,,,
unobserved,,,,,
unobtainable,,,,,
unobtrusive,,,,,
unofficial,,,,,
unopened,,,,,
unopposed,,,,,
unorthodox,,,,,
unostentatious,,,,,
unpalatable,,,,,
unpardonable,,,,,
unpersuasive,,,,,
unperturbed,,,,,
unplanned,,,,,
unpleasant,,,,,
unprecedented,,,,,
unpredictable,,,,,
unpretentious,,,,,
unprincipled,,,,,
unproductive,,,,,
unprofessional,,,,,
unprofitable,,,,,
unpromising,,,,,
unpronounceable,,,,,
unprovoked,,,,,
unqualified,,,,,
unquantifiable,,,,,
unquenchable,,,,,
unquestionable,,,,,
unquestioned,,,,,
unquestioning,,,,,
unraveled,,,,,
unreachable,,,,,
unreadable,,,,,
unrealistic,,,,,
unrealized,,,,,
unreasonable,,,,,
unreceptive,,,,,
unrecognizable,,,,,
unrecognized,,,,,
unredeemable,,,,,
unregulated,,,,,
unrelenting,,,,,
unreliable,,,,,
unremarkable,,,,,
unremitting,,,,,
unrepentant,,,,,
unrepresentative,,,,,
unrepresented,,,,,
unreserved,,,,,
unrespectable,,,,,
unresponsive,,,,,
unrestrained,,,,,
unripe,,,,,
unrivaled,,,,,
unromantic,,,,,
unruffled,,,,,
unruly,,,,,
unsafe,,,,,
unsalvageable,,,,,
unsatisfactory,,,,,
unsatisfied,,,,,
unscheduled,,,,,
unscholarly,,,,,
unscientific,,,,,
unscrupulous,,,,,
unseasonable,,,,,
unseemly,,,,,
unselfish,,,,,
unsettled,,,,,
unsettling,,,,,
unshakable,,,,,
unshapely,,,,,
unsightly,,,,,
unsigned,,,,,
unsinkable,,,,,
unskilled,,,,,
unsociable,,,,,
unsolicited,,,,,
unsolvable,,,,,
unsolved,,,,,
unsophisticated,,,,,
unsound,,,,,
unsparing,,,,,
unspeakable,,,,,
unspoiled,,,,,
unstable,,,,,
unstated,,,,,
unsteady,,,,,
unstoppable,,,,,
unstressed,,,,,
unstructured,,,,,
unsubstantial,,,,,
unsubstantiated,,,,,
unsuccessful,,,,,
unsuitable,,,,,
unsuited,,,,,
unsupervised,,,,,
unsupported,,,,,
unsure,,,,,
unsurpassable,,,,,
unsurpassed,,,,,
unsurprising,,,,,
unsuspected,,,,,
unsuspecting,,,,,
unsustainable,,,,,
unsympathetic,,,,,
unsystematic,,,,,
untainted,,,,,
untamable,,,,,
untamed,,,,,
untapped,,,,,
untenable,,,,,
untested,,,,,
unthinkable,,,,,
unthinking,,,,,
untidy,,,,,
untimely,,,,,
untitled,,,,,
untouchable,,,,,
untraditional,,,,,
untrained,,,,,
untried,,,,,
untroubled,,,,,
untrustworthy,,,,,
untruthful,,,,,
unused,,,,,
unusual,,,,,
unverified,,,,,
unwary,,,,,
unwashed,,,,,
unwatchable,,,,,
unwavering,,,,,
unwholesome,,,,,
unwieldy,,,,,
unwilling,,,,,
unwise,,,,,
unwitting,,,,,
unworkable,,,,,
unworldly,,,,,
unworthy,,,,,
unwritten,,,,,
unyielding,,,,,
upbeat,,,,,
upmost,,,,,
upper,,,,,
uppity,,,,,
upright,,,,,
uproarious,,,,,
upset,,,,,
upsetting,,,,,
upstairs,,,,,
uptight,,,,,
up-to-date,,,,,
up-to-the-minute,,,,,
upward,,,,,
urbane,,,,,
urgent,,,,,
usable,,,,,
used,,,,,
useful,,,,,
useless,,,,,
usual,,,,,
utilitarian,,,,,
utopian,,,,,
utter,,,,,
uttermost,,,,,
vacant,,,,,
vacillating,,,,,
vacuous,,,,,
vagabond,,,,,
vagrant,,,,,
vague,,,,,
vain,,,,,
valiant,,,,,
valid,,,,,
valorous,,,,,
valuable,,,,,
vanishing,,,,,
vapid,,,,,
vaporous,,,,,
variable,,,,,
varied,,,,,
various,,,,,
varying,,,,,
vast,,,,,
vegetable,,,,,
vegetarian,,,,,
vegetative,,,,,
vehement,,,,,
velvety,,,,,
venal,,,,,
venerable,,,,,
vengeful,,,,,
venomous,,,,,
venturesome,,,,,
venturous,,,,,
veracious,,,,,
verbal,,,,,
verbose,,,,,
verdant,,,,,
verifiable,,,,,
verified,,,,,
veritable,,,,,
vernacular,,,,,
versatile,,,,,
versed,,,,,
vertical,,,,,
very,,,,,
vexed,,,,,
vexing,,,,,
viable,,,,,
vibrant,,,,,
vibrating,,,,,
vicarious,,,,,
vicious,,,,,
victorious,,,,,
vigilant,,,,,
vigorous,,,,,
vile,,,,,
villainous,,,,,
vindictive,,,,,
vinegary,,,,,
violent,,,,,
violet,,,,,
viperous,,,,,
viral,,,,,
virtual,,,,,
virtuous,,,,,
virulent,,,,,
visceral,,,,,
viscous,,,,,
visible,,,,,
visionary,,,,,
visual,,,,,
vital,,,,,
vitriolic,,,,,
vivacious,,,,,
vivid,,,,,
vocal,,,,,
vocational,,,,,
voiceless,,,,,
volatile,,,,,
volcanic,,,,,
voluminous,,,,,
voluntary,,,,,
voluptuous,,,,,
voracious,,,,,
vulgar,,,,,
vulnerable,,,,,
wacky,,,,,
wailing,,,,,
waiting,,,,,
wakeful,,,,,
wandering,,,,,
wanting,,,,,
wanton,,,,,
warlike,,,,,
warm,,,,,
warmest,,,,,
warning,,,,,
warring,,,,,
wary,,,,,
waspish,,,,,
waste,,,,,
wasted,,,,,
wasteful,,,,,
watchful,,,,,
waterlogged,,,,,
waterproof,,,,,
watertight,,,,,
watery,,,,,
wavering,,,,,
wax,,,,,
waxen,,,,,
weak,,,,,
weakened,,,,,
weak-willed,,,,,
wealthy,,,,,
wearisome,,,,,
weary,,,,,
wee,,,,,
weedy,,,,,
week-long,,,,,
weekly,,,,,
weightless,,,,,
weighty,,,,,
weird,,,,,
welcoming,,,,,
well,,,,,
well-adjusted,,,,,
well-argued,,,,,
well-aware,,,,,
well-balanced,,,,,
well-behaved,,,,,
well-built,,,,,
well-conceived,,,,,
well-considered,,,,,
well-crafted,,,,,
well-deserved,,,,,
well-developed,,,,,
well-done,,,,,
well-dressed,,,,,
well-educated,,,,,
well-equipped,,,,,
well-established,,,,,
well-founded,,,,,
well-groomed,,,,,
well-heeled,,,,,
well-honed,,,,,
well-informed,,,,,
well-intentioned,,,,,
well-kempt,,,,,
well-known,,,,,
well-liked,,,,,
well-lit,,,,,
well-made,,,,,
well-maintained,,,,,
well-mannered,,,,,
well-meaning,,,,,
well-off,,,,,
well-placed,,,,,
well-planned,,,,,
well-prepared,,,,,
well-qualified,,,,,
well-read,,,,,
well-received,,,,,
well-rounded,,,,,
well-spoken,,,,,
well-suited,,,,,
well-thought-of,,,,,
well-thought-out,,,,,
well-to-do,,,,,
well-traveled,,,,,
well-used,,,,,
well-versed,,,,,
well-worn,,,,,
well-written,,,,,
west,,,,,
western,,,,,
wet,,,,,
what,,,,,
wheezing,,,,,
which,,,,,
whimpering,,,,,
whimsical,,,,,
whining,,,,,
whispering,,,,,
whistling,,,,,
white,,,,,
whole,,,,,
wholehearted,,,,,
wholesale,,,,,
wholesome,,,,,
whooping,,,,,
whopping,,,,,
whose,,,,,
wicked,,,,,
wide,,,,,
wide-eyed,,,,,
wide-ranging,,,,,
widespread,,,,,
wiggly,,,,,
wild,,,,,
willful,,,,,
willing,,,,,
wily,,,,,
windy,,,,,
winning,,,,,
winsome,,,,,
winter,,,,,
wintery,,,,,
wiry,,,,,
wise,,,,,
wishful,,,,,
wispy,,,,,
wistful,,,,,
withering,,,,,
witless,,,,,
witty,,,,,
wizardly,,,,,
wobbly,,,,,
woeful,,,,,
wolfish,,,,,
wonderful,,,,,
wondrous,,,,,
wonted,,,,,
wood,,,,,
wooden,,,,,
wooing,,,,,
wool,,,,,
woolen,,,,,
woozy,,,,,
wordless,,,,,
wordy,,,,,
work,,,,,
workable,,,,,
working,,,,,
work-oriented,,,,,
worldly,,,,,
worn,,,,,
worn,,,,,
worn,,,,,
worried,,,,,
worrisome,,,,,
worrying,,,,,
worse,,,,,
worshipful,,,,,
worst,,,,,
worth,,,,,
worthless,,,,,
worthwhile,,,,,
worthy,,,,,
wounding,,,,,
wrathful,,,,,
wrenching,,,,,
wretched,,,,,
wriggling,,,,,
wriggly,,,,,
wrinkled,,,,,
wrinkly,,,,,
written,,,,,
wrong,,,,,
wrongful,,,,,
wry,,,,,
yawning,,,,,
yearly,,,,,
yearning,,,,,
yellow,,,,,
yelping,,,,,
yielding,,,,,
young,,,,,
younger,,,,,
youngest,,,,,
youthful,,,,,
yummy,,,,,
zany,,,,,
zealous,,,,,
zestful,,,,,
zesty,,,,,
zippy,,,,,
zonked,,,,,
zoological,,,,,